"name","disp_name","rating","count","address","city","state","zip","claimed"
"anaheim-regional-medical-center-anaheim","Anaheim Regional Medical Center",3,25,"1111 W La Palma Ave","Anaheim","CA","92801","TRUE"
"kaiser-permanente-anaheim","Kaiser Permanente",3.5,24,"441 N Lakeview Ave","Anaheim","CA","92807","FALSE"
"coventry-court-health-center-anaheim","Coventry Court Health Center",5,5,"2040 S Euclid St","Anaheim","CA","92802","TRUE"
"anaheim-general-hospital-anaheim","Anaheim General Hospital",2,10,"3350 W Ball Rd","Anaheim","CA","92804","FALSE"
"childrens-hospital-of-orange-county-orange-3","Children's Hospital Of Orange County",4,30,"455 S Main St","Orange","CA","92868","TRUE"
"kaiser-permanente-anaheim-5","Kaiser Permanente",4,37,"3460 E La Palma Ave","Anaheim","CA","92806","FALSE"
"st-joseph-hospital-orange","St. Joseph Hospital",3.5,55,"1100 W Stewart Dr","Orange","CA","92868","FALSE"
"st-jude-medical-center-fullerton","St Jude Medical Center",3.5,51,"101 E Valencia Mesa Dr","Fullerton","CA","92835","FALSE"
"st-joseph-heritage-healthcare-anaheim","St Joseph Heritage Healthcare",5,1,"1515 E Orangewood Ave","Anaheim","CA","92805","FALSE"
"west-anaheim-medical-center-anaheim","West Anaheim Medical Center",1.5,13,"3033 W Orange Ave","Anaheim","CA","92804","FALSE"
"anaheim-terrace-care-center-anaheim","Anaheim Terrace Care Center",2.5,3,"141 S Knott Ave","Anaheim","CA","92804","FALSE"
"placentia-linda-hospital-placentia","Placentia-Linda Hospital",3.5,27,"1301 N Rose Dr","Placentia","CA","92870","TRUE"
"chapman-medical-center-orange","Chapman Medical Center",3.5,7,"2601 E Chapman Ave","Orange","CA","92869","FALSE"
"anaheim-crest-nursing-center-anaheim","Anaheim Crest Nursing Center",3,1,"3067 W Orange Ave","Anaheim","CA","92804","FALSE"
"uci-medical-center-orange","UCI Medical Center",3,69,"101 The City Dr S","Orange","CA","92868","TRUE"
"garden-grove-hospital-and-medical-center-garden-grove-2","Garden Grove Hospital and Medical Center",2.5,13,"12601 Garden Grove Blvd","Garden Grove","CA","92843","FALSE"
"walter-yury-md-inc-anaheim","Walter Yury MD Inc",4,5,"1211 W La Palma Ave","Anaheim","CA","92801","FALSE"
"kaiser-permanente-anaheim-8","Kaiser Permanente",3,4,"441 N Lakeview Ave","Anaheim","CA","92807","FALSE"
"western-medical-center-anaheim","Western Medical Center",1.5,12,"1025 S Anaheim Blvd","Anaheim","CA","92805","FALSE"
"kaiser-permanente-anaheim-10","Kaiser Permanente",4,13,"1188 N Euclid St","Anaheim","CA","92801","FALSE"
"san-joaquin-community-hospital-bakersfield","San Joaquin Community Hospital",4.5,8,"2615 Chester Ave","Bakersfield","CA","93301","FALSE"
"memorial-hospital-bakersfield-2","Memorial Hospital",3,5,"420 34th St","Bakersfield","CA","93301","TRUE"
"kern-medical-center-bakersfield-5","Kern Medical Center",3,4,"1700 Mount Vernon Ave","Bakersfield","CA","93306","FALSE"
"mercy-hospitals-southwest-bakersfield","Mercy Hospitals Southwest",4.5,4,"400 Old River Rd","Bakersfield","CA","93311","TRUE"
"bakersfield-heart-hospital-bakersfield","Bakersfield Heart Hospital",2.5,3,"3001 Sillect Ave","Bakersfield","CA","93308","FALSE"
"mercy-hospitals-downtown-bakersfield","Mercy Hospitals Downtown",3,5,"2215 Truxtun Ave","Bakersfield","CA","93301","TRUE"
"planned-parenthood-bakersfield","Planned Parenthood",3,2,"c(""2535 16th St"", ""Ste 100"")","Bakersfield","CA","93301","FALSE"
"southern-california-orthopedic-institute-bakersfield","Southern California Orthopedic Institute",2,1,"2400 Bahamas Dr","Bakersfield","CA","93309","FALSE"
"industrial-medical-group-the-bakersfield","Industrial Medical Group the",1,1,"2501 G St","Bakersfield","CA","93301","FALSE"
"accelerated-urgent-care-bakersfield","Accelerated Urgent Care",4,17,"9710 Brimhall Rd","Bakersfield","CA","93312","TRUE"
"hall-ambulance-service-bakersfield","Hall Ambulance Service",1,2,"2001 O St","Bakersfield","CA","93301","FALSE"
"kern-medical-center-bakersfield-4","Kern Medical Center",5,1,"1111 Columbus St","Bakersfield","CA","93305","FALSE"
"good-samaritan-bakersfield","Good Samaritan",1,1,"5201 White Ln","Bakersfield","CA","93309","FALSE"
"hampton-bakersfield","Hampton",4.5,12,"8818 Spectrum Park Way","Bakersfield","CA","93304","FALSE"
"elite-women-health-bakersfield","Elite Women Health",1,1,"901 34th St","Bakersfield","CA","93301","FALSE"
"nile-point-veterinary-hospital-bakersfield","Nile Point Veterinary Hospital",5,1,"2007 Niles St","Bakersfield","CA","93305","FALSE"
"alta-bates-summit-medical-center-berkeley-3","Alta Bates Summit Medical Center",3.5,16,"2001 Dwight Way","Berkeley","CA","94704","TRUE"
"childrens-hospital-and-research-center-oakland","Children's Hospital & Research Center Oakland",4,44,"747 52nd St","Oakland","CA","94609","TRUE"
"lindy-johnson-cnm-berkeley","Lindy Johnson, CNM",5,23,"list()","Berkeley","CA","94702","TRUE"
"michelle-williams-birth-doula-berkeley","Michelle Williams Birth Doula",5,13,"Acton Street","Berkeley","CA","94702","TRUE"
"alta-bates-summit-medical-center-berkeley-4","Alta Bates Summit Medical Center",3,91,"2450 Ashby Ave","Berkeley","CA","94705","TRUE"
"bay-area-behavioral-health-associates-berkeley","Bay Area Behavioral Health Associates",1,1,"2006 Dwight Way","Berkeley","CA","94704","FALSE"
"a-and-d-birth-doulas-berkeley-2","A&D Birth Doulas",5,3,"list()","Berkeley","CA","94710","TRUE"
"full-circle-doula-group-berkeley","Full Circle Doula Group",5,3,"2221 Woolsey St","Berkeley","CA","94705","TRUE"
"eva-goodfriend-reano-cnm-berkeley","Eva Goodfriend-Reano, CNM",5,7,"list()","Berkeley","CA","94706","TRUE"
"the-surgery-center-oakland","The Surgery Center",4,15,"c(""3875 Telegraph Ave"", ""Alta Bates Summit Medical Center"")","Oakland","CA","94609","FALSE"
"orinda-convalescent-hospital-orinda","Orinda Convalescent Hospital",5,2,"11 Altarinda Rd","Orinda","CA","94563","TRUE"
"jeri-zukoski-berkeley","Jeri Zukoski",4,11,"c(""2107 Dwight Way"", ""Ste 102"")","Berkeley","CA","94704","FALSE"
"childrens-hospital-oakland-research-institute-oakland","Children's Hospital Oakland Research Institute",5,2,"5700 Martin Luther King Jr Wy","Oakland","CA","94609","TRUE"
"inner-compass-childbirth-services-berkeley-2","Inner Compass Childbirth Services",5,2,"2438 Roosevelt Ave","Berkeley","CA","94703","TRUE"
"alta-bates-summit-medical-center-summit-campus-in-oakland-oakland","Alta Bates Summit Medical Center - Summit Campus in Oakland",3.5,75,"350 Hawthorne Ave","Oakland","CA","94609","TRUE"
"zen-birthing-betsy-appell-berkeley","Zen Birthing - Betsy Appell",5,5,"list()","Berkeley","CA","94703","FALSE"
"berkeley-free-clinic-berkeley","Berkeley Free Clinic",4.5,24,"2339 Durant Ave","Berkeley","CA","94704","TRUE"
"highland-hospital-oakland","Highland Hospital",3,81,"1411 E 31st St","Oakland","CA","94602","FALSE"
"richard-j-kerbavaz-md-berkeley","Richard J Kerbavaz, MD",4.5,6,"2316 Dwight Way","Berkeley","CA","94704","FALSE"
"east-bay-homebirth-midwifery-berkeley","East Bay Homebirth Midwifery",5,7,"2414 Ashby Ave","Berkeley","CA","94705","FALSE"
"scripps-mercy-hospital-chula-vista-chula-vista","Scripps Mercy Hospital Chula Vista",2.5,24,"435 H St","Chula Vista","CA","91910","TRUE"
"sharp-chula-vista-outpatient-surgery-center-chula-vista","Sharp Chula Vista Outpatient Surgery Center",5,3,"765 Medical Center Ct","Chula Vista","CA","91911","TRUE"
"doctors-express-urgent-care-chula-vista-2","Doctors Express Urgent Care",4.5,27,"760 Otay Lakes Rd","Chula Vista","CA","91910","TRUE"
"naval-medical-center-san-diego-san-diego","Naval Medical Center San Diego",4,56,"34800 Bob WIlson Dr","San Diego","CA","92134","FALSE"
"sharp-coronado-hospital-coronado-4","Sharp Coronado Hospital",4.5,10,"250 Prospect Pl","Coronado","CA","92118","TRUE"
"birth-roots-womens-health-and-maternity-center-chula-vista","Birth Roots Women's Health & Maternity Center",5,6,"236 F St","Chula Vista","CA","91910","FALSE"
"paradise-valley-hospital-national-city","Paradise Valley Hospital",2,10,"2400 E 4th St","National City","CA","91950","FALSE"
"quest-diagnostics-chula-vista","Quest Diagnostics",2.5,2,"480 4th Ave Ste 101","Chula Vista","CA","91910","FALSE"
"sharp-chula-vista-medical-center-san-diego","Sharp Chula Vista Medical Center",2.5,21,"751 Medical Center Ct","San Diego","CA","91911","TRUE"
"alternative-mobility-chula-vista-3","Alternative Mobility",5,1,"c(""320 Troiusdale"", ""Ste E"")","Chula Vista","CA","91910","TRUE"
"sharp-rees-stealy-chula-vista-chula-vista-4","Sharp Rees-Stealy Chula Vista",4.5,11,"525 3rd Ave","Chula Vista","CA","91910","TRUE"
"mercy-hospital-foundation-scripps-mercy-hospital-san-diego","Mercy Hospital Foundation Scripps Mercy Hospital",2,1,"203 W F Street","San Diego","CA","92101","FALSE"
"cohen-elaine-h-md-chula-vista","Cohen Elaine H, MD",1,1,"280 E St","Chula Vista","CA","91910","FALSE"
"robles-goche-ruth-md-chula-vista-2","ROBLES-GOCHE RUTH MD",1,1,"865 3rd Ave","Chula Vista","CA","91911","FALSE"
"sharp-rees-stealy-otay-ranch-chula-vista-2","Sharp Rees-Stealy Otay Ranch",4,18,"1400 E Palomar St","Chula Vista","CA","91913","TRUE"
"dynamic-health-center-national-city","Dynamic Health Center",5,2,"910 A Ave","National City","CA","91950","TRUE"
"villa-coronado-skilled-nursing-facility-coronado","Villa Coronado Skilled Nursing Facility",3,2,"233 Prospect Pl","Coronado","CA","92118","FALSE"
"polak-lucy-md-chula-vista","Polak Lucy, MD",1.5,6,"c(""480 4th Ave"", ""Ste 202"")","Chula Vista","CA","91910","FALSE"
"bayview-hospital-chula-vista","Bayview Hospital",1.5,2,"330 Moss St","Chula Vista","CA","91911","FALSE"
"kaiser-permanente-otay-mesa-outpatient-medical-center-san-diego","Kaiser Permanente Otay Mesa Outpatient Medical Center",3.5,20,"4650 Palm Avenue","San Diego","CA","92154","TRUE"
"john-muir-medical-center-concord-4","John Muir Medical Center",4,21,"2540 East St","Concord","CA","94520","TRUE"
"agostini-healthcare-staffing-concord","Agostini Healthcare Staffing",5,1,"c(""1470 Executive Ln"", ""Ste 1760"")","Concord","CA","94520","FALSE"
"mt-diablo-medical-pavilion-concord","Mt Diablo Medical Pavilion",4,1,"2740 Grant St","Concord","CA","94520","FALSE"
"premier-surgery-center-concord","Premier Surgery Center",4.5,9,"2222 East St Ste 200","Concord","CA","94520","FALSE"
"john-muir-medical-center-walnut-creek-8","John Muir Medical Center",3,89,"1601 Ygnacio Valley Rd","Walnut Creek","CA","94598","TRUE"
"cardiovascular-institute-john-muir-health-concord","Cardiovascular Institute- John Muir Health",5,1,"2540 E St","Concord","CA","94520","FALSE"
"fillmore-kimberley-md-facof-concord","Fillmore Kimberley MD FACOF",2.5,11,"2299 Bacon St","Concord","CA","94520","FALSE"
"va-martinez-center-martinez","VA Martinez Center",3.5,5,"150 Muir Rd","Martinez","CA","94553","FALSE"
"childrens-hospital-walnut-creek-surgery-and-specialty-care-walnut-creek","Children's Hospital Walnut Creek Surgery & Specialty Care",5,10,"c(""2401 Shadelands"", ""Ste 180"")","Walnut Creek","CA","94598","TRUE"
"john-a-crockett-m-d-concord","John A Crockett, M.D.",4.5,18,"c(""2485 High School Ave"", ""Ste 303"")","Concord","CA","94520","TRUE"
"contra-costa-regional-medical-center-martinez","Contra Costa Regional Medical Center",3,25,"2500 Alhambra Ave","Martinez","CA","94553","FALSE"
"sequoia-surgical-pavilion-walnut-creek","Sequoia Surgical Pavilion",5,2,"c(""2405 Shadelands Dr"", ""Ste 200"")","Walnut Creek","CA","94598","FALSE"
"santi-rao-md-concord","Santi Rao MD",1,1,"2291 Pacheco St","Concord","CA","94520","FALSE"
"stephen-t-stein-dds-concord","Stephen T Stein, DDS",5,7,"c(""2600 Park Ave"", ""Ste 104"")","Concord","CA","94520","FALSE"
"bay-medic-ambulance-concord","Bay Medic Ambulance",4.5,4,"1485 Coventry Rd","Concord","CA","94518","FALSE"
"windsor-manor-rehabilitation-center-of-concord-concord","Windsor Manor Rehabilitation Center of Concord",2.5,3,"3806 Clayton Rd","Concord","CA","94521","FALSE"
"pacific-urology-concord","Pacific Urology",5,13,"c(""2222 E St"", ""Ste 250"")","Concord","CA","94520","TRUE"
"medicann-concord-2","MediCann",3,11,"c(""2485 High School Ave"", ""Ste 123"")","Concord","CA","94520","TRUE"
"robinson-daniel-p-dds-concord","Robinson Daniel P, DDS",5,6,"c(""2991 Treat Blvd"", ""Ste D"")","Concord","CA","94518","TRUE"
"almassi-mehrnoosh-concord","Almassi Mehrnoosh",2.5,2,"2700 Grant St","Concord","CA","94520","FALSE"
"rancho-los-amigos-downey","Rancho Los Amigos",4,15,"7601 E Imperial Hwy","Downey","CA","90242","FALSE"
"downey-regional-medical-center-downey-4","Downey Regional Medical Center",3,14,"11500 Brookshire Ave","Downey","CA","90241","TRUE"
"kaiser-permanente-downey-medical-center-downey","Kaiser Permanente Downey Medical Center",3.5,50,"9333 Imperial Hwy","Downey","CA","90242","FALSE"
"pih-health-hospital-whittier-2","PIH Health Hospital",4,51,"12401 Washington Blvd","Whittier","CA","90602","TRUE"
"downey-community-health-center-downey","Downey Community Health Center",2,2,"8425 Iowa Street","Downey","CA","90241","FALSE"
"college-hospital-cerritos","College Hospital",3,3,"10802 College Pl","Cerritos","CA","90703","TRUE"
"east-los-angeles-doctors-hospital-los-angeles-2","East Los Angeles Doctors Hospital",3,8,"4060 E Whittier Blvd","Los Angeles","CA","90023","FALSE"
"kaiser-permanente-norwalk-3","Kaiser Permanente",3.5,3,"9449 E Imperial Hwy","Norwalk","CA","90650","FALSE"
"renee-patel-md-downey","Renee Patel, MD",4.5,17,"8357 Florence Ave","Downey","CA","90240","FALSE"
"los-angeles-community-hospital-of-norwalk-norwalk","Los Angeles Community Hospital of Norwalk",2,4,"13222 Bloomfield Ave","Norwalk","CA","90650","FALSE"
"lakewood-regional-medical-center-lakewood-4","Lakewood Regional Medical Center",3,25,"3700 E South St","Lakewood","CA","90712","TRUE"
"kaiser-permanente-bellflower","Kaiser Permanente",3,21,"9400 Rosecrans Ave","Bellflower","CA","90706","FALSE"
"western-hand-center-downey","Western Hand Center",3.5,2,"8555 Florence Avenue","Downey","CA","90240","FALSE"
"kaiser-permanente-medical-care-program-downey-5","Kaiser Permanente Medical Care Program",3,5,"9449 Imperial Hwy","Downey","CA","90242","FALSE"
"kawakami-susan-downey","Kawakami Susan",2.5,5,"8556 Florence Avenue","Downey","CA","90240","FALSE"
"bellflower-medical-center-bellflower","Bellflower Medical Center",2,7,"9542 Artesia Blvd","Bellflower","CA","90706","FALSE"
"beverly-hospital-montebello","Beverly Hospital",2,14,"309 W Beverly Blvd","Montebello","CA","90640","TRUE"
"coast-plaza-hospital-norwalk","Coast Plaza Hospital",1.5,9,"13100 Studebaker Rd","Norwalk","CA","90650","FALSE"
"woodruff-convalescent-center-bellflower","Woodruff Convalescent Center",1.5,3,"17836 Woodruff Ave","Bellflower","CA","90706","FALSE"
"st-francis-medical-center-lynwood","St Francis Medical Center",2.5,10,"3630 E Imperial Hwy","Lynwood","CA","90262","FALSE"
"washington-hospital-of-fremont-cafeteria-fremont","Washington Hospital of Fremont Cafeteria",4,8,"2000 Mowry Ave","Fremont","CA","94536","FALSE"
"birthing-center-at-washington-hospital-fremont","Birthing Center At Washington Hospital",3.5,14,"c(""2299 Mowry Ave"", ""Ste 3B"")","Fremont","CA","94538","FALSE"
"washington-outpatient-surgery-center-fremont","Washington Outpatient Surgery Center",4.5,11,"2299 Mowry Ave","Fremont","CA","94538","TRUE"
"washington-urgent-care-fremont","Washington Urgent Care",2.5,14,"c(""2500 Mowry Ave"", ""Ste 212"")","Fremont","CA","94538","TRUE"
"washington-hospital-healthcare-system-fremont-2","Washington Hospital Healthcare System",2.5,60,"2000 Mowry Ave","Fremont","CA","94538","FALSE"
"bhc-fremont-hospital-fremont-5","BHC Fremont Hospital",1.5,11,"39001 Sundale Dr","Fremont","CA","94538","TRUE"
"divine-journey-doula-services-fremont","Divine Journey Doula Services",5,27,"list()","Fremont","CA","94536","TRUE"
"kumar-pradeep-md-facc-fremont","Kumar Pradeep, MD Facc",2.5,4,"1900 Mowry Ave","Fremont","CA","94538","FALSE"
"kaiser-permanente-medical-center-fremont","Kaiser Permanente Medical Center",3.5,37,"39400 Paseo Padre Pkwy","Fremont","CA","94538","FALSE"
"kaiser-permanente-hospital-hayward","Kaiser Permanente Hospital",3.5,42,"27400 Hesperian Blvd","Hayward","CA","94545","FALSE"
"sandhu-ajit-pal-singh-md-fremont","Sandhu Ajit Pal Singh, MD",4.5,5,"680 Mowry Ave","Fremont","CA","94536","TRUE"
"sunkavally-rao-v-b-md-facs-adult-and-pediatric-urlgy-fremont","Sunkavally Rao V B MD Facs Adult & Pediatric Urlgy",1,1,"1999 Mowry Ave Ste 2D","Fremont","CA","94538","FALSE"
"zacharewicz-lisa-md-fremont","Zacharewicz Lisa MD",5,1,"46690 Mohave Dr","Fremont","CA","94539","FALSE"
"vasdeep-s-kahlon-md-fremont-2","Vasdeep S. Kahlon, MD",1,2,"662 Mowry Ave","Fremont","CA","94536","FALSE"
"kaiser-permanente-fremont-medical-center-fremont","Kaiser Permanente Fremont Medical Center",2.5,41,"39400 Paseo Padre Parkway","Fremont","CA","94536","FALSE"
"cheney-tamara-md-fremont","Cheney Tamara, MD",4,4,"c(""1999 Mowry Ave"", ""Ste N"")","Fremont","CA","94538","FALSE"
"vasdeep-kahlon-fremont","Vasdeep Kahlon",2,4,"662 Mowry Ave","Fremont","CA","94536","FALSE"
"fremont-surgery-center-fremont","Fremont Surgery Center",3.5,13,"39350 Civic Center Dr","Fremont","CA","94538","FALSE"
"hsu-susan-md-fremont","Hsu Susan, MD",5,13,"1999 Mowry Ave","Fremont","CA","94538","FALSE"
"palo-alto-medical-foundation-fremont","Palo Alto Medical Foundation",3,115,"c(""Fremont Center"", ""3200 Kearney St"")","Fremont","CA","94538","TRUE"
"veterans-hospital-fresno","Veterans Hospital",5,5,"2615 E Clinton Ave","Fresno","CA","93703","FALSE"
"fresno-community-hospital-fresno","Fresno Community Hospital",5,1,"2823 Fresno St","Fresno","CA","93701","FALSE"
"community-medical-centers-fresno-7","Community Medical Centers",3,6,"2155 Divisadero St","Fresno","CA","93701","FALSE"
"fresno-surgery-center-the-hospital-for-surgery-fresno","Fresno Surgery Center-the Hospital For Surgery",4.5,2,"6125 N Fresno St","Fresno","CA","93710","FALSE"
"advanced-medical-imaging-fresno","Advanced Medical Imaging",4,8,"6297 N Fresno St","Fresno","CA","93710","FALSE"
"hinds-hospice-fresno","Hinds Hospice",5,1,"1416 W Twain Ave","Fresno","CA","93711","FALSE"
"medicann-fresno","MediCann",5,1,"c(""2120 N Winery Ave"", ""Ste 103"")","Fresno","CA","93703","TRUE"
"whitlow-dental-care-fresno","Whitlow Dental Care",4,4,"1326 Van Ness Ave","Fresno","CA","93721","TRUE"
"pacific-gardens-nursing-and-rehabilitation-fresno","Pacific Gardens Nursing & Rehabilitation",2.5,2,"577 S Peach Ave","Fresno","CA","93727","FALSE"
"holiday-boutique-fresno","Holiday Boutique",5,1,"1772 W Bullard Ave","Fresno","CA","93711","FALSE"
"byram-healthcare-centers-inc-fresno","Byram Healthcare Centers Inc",1,3,"3131 S Willow Ave","Fresno","CA","93725","FALSE"
"valley-community-church-of-god-clovis","Valley Community Church of God",5,1,"434 5th St","Clovis","CA","93612","FALSE"
"banner-thunderbird-medical-center-glendale-2","Banner Thunderbird Medical Center",4,12,"5555 W Thunderbird Rd","Glendale","AZ","85306","FALSE"
"banner-thunderbird-medical-center-glendale","Banner Thunderbird Medical Center",3.5,5,"5555 W Thunderbird Rd","Glendale","AZ","85306","FALSE"
"maryvale-hospital-medical-center-glendale","Maryvale Hospital Medical Center",5,1,"5102 W Campbell Ave","Glendale","AZ","85301","FALSE"
"boswell-memorial-hospital-sun-city-2","Boswell Memorial Hospital",4,5,"10401 W Thunderbird Boulevard","Sun City","AZ","85351","FALSE"
"nextcare-urgent-care-glendale-3","NextCare Urgent Care",2.5,3,"c(""10240 North 43rd Avenue"", ""Ste. 3 "")","Glendale","AZ","85302","TRUE"
"maryvale-hospital-medical-center-phoenix","Maryvale Hospital Medical Center",2.5,4,"5102 W Campbell Ave","Phoenix","AZ","85031","TRUE"
"banner-estrella-medical-center-phoenix","Banner Estrella Medical Center",3,16,"9201 W Thomas Rd","Phoenix","AZ","85037","FALSE"
"phoenix-baptist-hospital-phoenix","Phoenix Baptist Hospital",2,8,"2000 W Bethany Home Rd","Phoenix","AZ","85015","TRUE"
"phoenix-baptist-hospital-and-medical-center-phoenix","Phoenix Baptist Hospital and Medical Center",1,1,"2000 W Bethany Home Road","Phoenix","AZ","85015","FALSE"
"healthsouth-valley-of-the-sun-rehabilitation-hospital-glendale","Healthsouth Valley of the Sun Rehabilitation Hospital",5,1,"13460 N 67th Ave","Glendale","AZ","85304","FALSE"
"huger-mercy-living-center-phoenix","Huger Mercy Living Center",3.5,6,"2345 W Orangewood Ave","Phoenix","AZ","85021","TRUE"
"banner-rapid-care-clinic-phoenix","Banner Rapid Care Clinic",4.5,2,"c(""9305 W Thomas Rd"", ""Ste 405"")","Phoenix","AZ","85037","FALSE"
"childrens-medical-group-ltd-glendale","Children's Medical Group Ltd",1,1,"5757 W Thunderbird Rd Ste E","Glendale","AZ","85306","FALSE"
"bethany-womens-healthcare-phoenix","Bethany Womens Healthcare",2.5,6,"c(""3660 W Bethany Home Rd"", ""Ste A"")","Phoenix","AZ","85019","FALSE"
"advanced-urgent-care-phoenix-3","Advanced Urgent Care",3,5,"c(""2423 W Dunlap Avenue"", ""Suite 150"")","Phoenix","AZ","85021","FALSE"
"banner-boswell-medical-center-sun-city","Banner Boswell Medical Center",3.5,3,"10401 W Thunderbird Blvd","Sun City","AZ","85351","FALSE"
"labranche-janice-phoenix","Labranche Janice",3.5,3,"9305 W Thomas Rd Ste 385","Phoenix","AZ","85037","FALSE"
"canyon-surgery-center-phoenix","Canyon Surgery Center",3,1,"6036 N 19th Avenue","Phoenix","AZ","85015","FALSE"
"alliance-urgent-care-tolleson","Alliance Urgent Care",3.5,3,"c(""9897 W McDowell Rd"", ""Ste 100"")","Tolleson","AZ","85353","TRUE"
"apple-dentistry-phoenix","Apple Dentistry",5,2,"c(""13821 N 35th Dr"", ""Ste 2"")","Phoenix","AZ","85053","TRUE"
"st-rose-hospital-hayward","St Rose Hospital",2.5,32,"27200 Calaroga Ave","Hayward","CA","94545","FALSE"
"eden-medical-center-castro-valley-2","Eden Medical Center",3.5,57,"20103 Lake Chabot Rd","Castro Valley","CA","94546","TRUE"
"san-leandro-hospital-san-leandro","San Leandro Hospital",3.5,17,"13855 E 14th St","San Leandro","CA","94578","TRUE"
"birth-with-treesa-hayward","Birth With Treesa",5,5,"1540 Stafford Ave","Hayward","CA","94541","TRUE"
"kaiser-permanente-medical-center-hayward","Kaiser Permanente Medical Center",3.5,24,"27303 Sleepy Hollow Ave S","Hayward","CA","94545","FALSE"
"sylvias-lactation-office-hayward","Sylvia's Lactation Office",5,31,"27768 Ross Pl","Hayward","CA","94544","TRUE"
"medshare-san-leandro","MedShare",5,37,"2937 Alvarado St","San Leandro","CA","94577","TRUE"
"birthing-babies-a-celebration-of-life-hayward-2","Birthing Babies - A Celebration of Life",5,4,"list()","Hayward","CA","94541","TRUE"
"kaiser-permanente-department-of-emergency-medicine-hayward","Kaiser Permanente - Department of Emergency Medicine",4,15,"27400 Hesperian Blvd","Hayward","CA","94545","FALSE"
"angels-hospice-hayward","Angels Hospice",3.5,2,"c(""731 A St"", ""Ste 207"")","Hayward","CA","94541","TRUE"
"apples-and-pears-birth-services-hayward","Apples & Pears Birth Services",3,2,"list()","Hayward","CA","94541","TRUE"
"fairmont-hospital-san-leandro","Fairmont Hospital",4,2,"15400 Foothill Blvd","San Leandro","CA","94578","FALSE"
"amita-sharma-md-hayward","Amita Sharma, MD",3,2,"c(""27206 Calaroga Ave"", ""Ste 205"")","Hayward","CA","94545","TRUE"
"dacia-carruthers-lactation-consultant-hayward","Dacia Carruthers - Lactation Consultant",5,2,"22290 Foothill Blvd","Hayward","CA","94541","TRUE"
"gunawan-navarrete-joyce-dds-hayward-2","Gunawan Navarrete Joyce, DDS",5,18,"1636 B St","Hayward","CA","94541","TRUE"
"insight-imaging-of-hayward-hayward","Insight Imaging of Hayward",5,3,"c(""3521 Investment Blvd"", ""Ste 5"")","Hayward","CA","94545","TRUE"
"birth-wonders-hayward","Birth Wonders",3,4,"714 B St","Hayward","CA","94543","TRUE"
"st-regis-retirement-center-hayward","St Regis Retirement Center",3,3,"23950 Mission Blvd","Hayward","CA","94544","TRUE"
"jane-wardzinska-md-hayward","Jane Wardzinska, MD",2.5,4,"c(""27206 Clalaroga Ave"", ""Ste 210"")","Hayward","CA","94545","FALSE"
"hoag-hospital-irvine-5","Hoag Hospital",3.5,35,"16200 Sand Canyon Ave","Irvine","CA","92618","TRUE"
"south-coast-midwifery-and-womens-health-care-irvine","South Coast Midwifery & Women's Health Care",4,21,"6817 Quail Hill Parkway","Irvine","CA","92603","TRUE"
"kaiser-permanente-irvine-2","Kaiser Permanente",3.5,76,"6670 Alton Pkwy","Irvine","CA","92618","FALSE"
"hoag-imaging-and-breast-center-irvine-irvine","Hoag Imaging And Breast Center - Irvine",4.5,3,"c(""4870 Barranca Pkwy"", ""Ste 100"")","Irvine","CA","92604","FALSE"
"woodbridge-walk-in-irvine","Woodbridge Walk-In",2,10,"4870 Barranca Pkwy","Irvine","CA","92604","FALSE"
"hoag-orthopedic-institute-irvine","Hoag Orthopedic Institute",5,5,"16200 Sand Canyon Ave.","Irvine","CA","92618","FALSE"
"irvine-medical-center-irvine","Irvine Medical Center",5,1,"16200 Sand Canyon Avenue","Irvine","CA","92618","FALSE"
"irvine-urgent-care-irvine","Irvine Urgent Care",4.5,101,"c(""2500 Alton Pkwy"", ""Ste 101"")","Irvine","CA","92616","TRUE"
"joseph-medical-group-irvine","Joseph Medical Group",2,5,"c(""15775 Laguna Canyon Rd"", ""Ste 210"")","Irvine","CA","92618","FALSE"
"saddleback-memorial-medical-center-laguna-hills-6","Saddleback Memorial Medical Center",3.5,39,"24451 Health Center Dr","Laguna Hills","CA","92653","TRUE"
"le-tuan-dmd-irvine","Le Tuan DMD",5,3,"4250 Barranca Pkwy","Irvine","CA","92604","TRUE"
"pain-care-providers-irvine-2","Pain Care Providers",3,2,"c(""113 Waterworks Way"", ""Ste 345"")","Irvine","CA","92618","TRUE"
"saddleback-valley-outpatient-surgery-laguna-hills","Saddleback Valley Outpatient Surgery",4.5,5,"24302 Paseo De Valencia","Laguna Hills","CA","92653","FALSE"
"chang-albert-b-md-irvine","Chang Albert B, MD",5,8,"16300 Sand Canyon Ave","Irvine","CA","92618","FALSE"
"irvine-multi-specialty-surgical-care-irvine-2","Irvine Multi Specialty Surgical Care",4,1,"4900 Barranca Parkway","Irvine","CA","92604","FALSE"
"kaiser-permanente-irvine","Kaiser Permanente",3.5,22,"6 Willard St","Irvine","CA","92604","FALSE"
"memorialcare-healthexpress-irvine","MemorialCare HealthExpress",4.5,6,"c(""Albertsons"", ""14201 Jeffrey Rd"")","Irvine","CA","92620","TRUE"
"kaiser-permanente-irvine-3","Kaiser Permanente",1,2,"6650 Alton Pkwy","Irvine","CA","92618","FALSE"
"adeela-ahsan-md-irvine","Adeela Ahsan, MD",4,2,"c(""4870 Barranca Pkwy"", ""Ste 230"")","Irvine","CA","92604","FALSE"
"irvine-doctors-of-kids-and-teens-irvine","Irvine Doctors of Kids & Teens",2.5,2,"c(""4050 Barranca Parkway"", ""Suite 270"")","Irvine","CA","92604","FALSE"
"scripps-green-hospital-la-jolla","Scripps Green Hospital",3.5,42,"10666 North Torrey Pines Rd","La Jolla","CA","92037","TRUE"
"scripps-memorial-hospital-la-jolla-la-jolla","Scripps Memorial Hospital La Jolla",3.5,71,"9888 Genesee Avenue","La Jolla","CA","92037","TRUE"
"uc-san-diego-thornton-hospital-la-jolla","UC San Diego Thornton Hospital",3,31,"9300 Campus Point Drive","La Jolla","CA","92037","TRUE"
"uc-san-diego-moores-cancer-center-la-jolla","UC San Diego Moores Cancer Center",4,7,"3855 Health Sciences Drive","La Jolla","CA","92093","TRUE"
"uc-san-diego-health-system-concierge-medicine-la-jolla","UC San Diego Health System Concierge Medicine",5,2,"c(""8899 University Ctr Ln"", ""Ste 220"")","La Jolla","CA","92122","FALSE"
"uc-san-diego-health-system-perlman-medical-offices-la-jolla-2","UC San Diego Health System Perlman Medical Offices",3,11,"9350 Campus Point Drive","La Jolla","CA","92037","TRUE"
"veterans-affairs-department-la-jolla","Veterans Affairs Department",5,1,"3350 La Jolla Village Dr","La Jolla","CA","92037","FALSE"
"uc-san-diego-sulpizio-cardiovascular-center-la-jolla","UC San Diego Sulpizio Cardiovascular Center",5,1,"9434 Medical Center Dr","La Jolla","CA","92093","TRUE"
"scripps-whittier-diabetes-program-la-jolla","Scripps Whittier Diabetes Program",5,1,"9894 Genesee Ave","La Jolla","CA","92037","FALSE"
"robert-n-weinreb-md-la-jolla","Robert N Weinreb, MD",1,1,"9415 Campus Point Dr","La Jolla","CA","92037","FALSE"
"barry-j-broomberg-md-la-jolla","Barry J Broomberg, MD",3,25,"6515 La Jolla Blvd","La Jolla","CA","92037","FALSE"
"ryan-g-dominguez-md-la-jolla","Ryan G Dominguez, MD",4.5,21,"c(""9834 Genesee Ave"", ""Ste 125"")","La Jolla","CA","92037","TRUE"
"mel-kurtulus-md-la-jolla","Mel Kurtulus, MD",4,4,"c(""9850 Genesee Ave"", ""Ste 640"")","La Jolla","CA","92037","TRUE"
"san-diego-va-medical-center-san-diego","San Diego VA Medical Center",3.5,36,"3350 La Jolla Village Dr","San Diego","CA","92161","FALSE"
"einhorn-daniel-md-la-jolla","Einhorn Daniel MD",3,5,"9850 Genesee Ave Ste 415","La Jolla","CA","92037","FALSE"
"childrens-primary-care-medical-group-la-jolla-2","Children's Primary Care Medical Group",3,10,"c(""7300 Girard Ave"", ""Ste 106"")","La Jolla","CA","92037","FALSE"
"richard-chaffoo-md-facs-fics-la-jolla","Richard Chaffoo, MD, FACS, FICS",3.5,21,"c(""9850 Genesee Ave"", ""Ste 480"")","La Jolla","CA","92037","TRUE"
"rhona-fink-md-and-julie-papatheofanis-md-la-jolla","Rhona Fink, MD and Julie Papatheofanis, MD",4,6,"c(""9850 Genesee Ave"", ""Ste 370"")","La Jolla","CA","92037","FALSE"
"ximed-medical-group-inc-la-jolla","Ximed Medical Group Inc",1,1,"9850 Genesee Ave Ste 900","La Jolla","CA","92037","FALSE"
"reproductive-partners-ucsd-regional-fertility-center-la-jolla","Reproductive Partners - UCSD Regional Fertility Center",3,12,"c(""9850 Genesee Ave"", ""Ste 800"")","La Jolla","CA","92037","TRUE"
"childrens-hospital-los-angeles-los-angeles","Children's Hospital Los Angeles",4,65,"4650 W Sunset Blvd","Los Angeles","CA","90027","TRUE"
"good-samaritan-hospital-los-angeles","Good Samaritan Hospital",3.5,46,"1225 Wilshire Blvd","Los Angeles","CA","90017","TRUE"
"keck-hospital-of-usc-los-angeles","Keck Hospital of USC",3.5,37,"1500 San Pablo St","Los Angeles","CA","90033","FALSE"
"pacific-alliance-medical-center-los-angeles-2","Pacific Alliance Medical Center",3,16,"531 W College St","Los Angeles","CA","90012","FALSE"
"st-vincent-medical-center-los-angeles","St Vincent Medical Center",3,17,"2131 W 3rd St","Los Angeles","CA","90057","FALSE"
"barlow-respiratory-hospital-los-angeles","Barlow Respiratory Hospital",4,4,"2000 Stadium Way","Los Angeles","CA","90026","FALSE"
"temple-community-hospital-los-angeles","Temple Community Hospital",2.5,5,"235 N Hoover St","Los Angeles","CA","90004","FALSE"
"white-memorial-medical-center-los-angeles","White Memorial Medical Center",3,24,"1720 E Cesar E Chavez Ave","Los Angeles","CA","90033","FALSE"
"olympia-medical-center-los-angeles","Olympia Medical Center",3.5,26,"5900 W Olympic Blvd","Los Angeles","CA","90036","FALSE"
"cedars-sinai-medical-center-los-angeles","Cedars Sinai Medical Center",3.5,170,"8700 Beverly Blvd","Los Angeles","CA","90048","FALSE"
"lac-usc-med-center-los-angeles","LAC USC Med center",2,5,"1200 N State St","Los Angeles","CA","90033","FALSE"
"kaiser-foundation-hospital-los-angeles","Kaiser Foundation Hospital",3,36,"4867 W Sunset Blvd","Los Angeles","CA","90027","FALSE"
"general-hospital-los-angeles","General Hospital",1.5,7,"1200 N State St","Los Angeles","CA","90033","FALSE"
"silver-lake-medical-center-los-angeles","Silver Lake Medical Center",2,12,"1711 W Temple St","Los Angeles","CA","90026","TRUE"
"usc-norris-cancer-center-and-hospital-los-angeles","Usc-Norris Cancer Center & Hospital",4,4,"1441 Eastlake Ave","Los Angeles","CA","90089","FALSE"
"shriners-hospitals-for-children-los-angeles","Shriners Hospitals for Children",5,3,"3160 Geneva Street","Los Angeles","CA","90020","TRUE"
"kaiser-foundation-hospital-los-angeles-2","Kaiser Foundation Hospital",2,4,"6041 Cadillac Ave","Los Angeles","CA","90034","FALSE"
"california-hospital-medical-center-los-angeles-4","California Hospital Medical Center",2.5,24,"1401 S Grand Ave","Los Angeles","CA","90015","TRUE"
"ronald-reagan-ucla-medical-center-los-angeles","Ronald Reagan UCLA Medical Center",3,110,"757 Westwood Plz","Los Angeles","CA","90095","TRUE"
"miller-childrens-hospital-long-beach-4","Miller Children's Hospital",3.5,22,"2801 Atlantic Ave","Long Beach","CA","90806","TRUE"
"st-marys-medical-center-long-beach","St Mary Medical Center",3,28,"1050 Linden Ave","Long Beach","CA","90813","TRUE"
"pacific-hospital-of-long-beach-long-beach-2","Pacific Hospital of Long Beach",4,4,"2776 Pacific Ave","Long Beach","CA","90806","TRUE"
"long-beach-memorial-medical-center-long-beach-7","Long Beach Memorial Medical Center",2.5,68,"2801 Atlantic Ave","Long Beach","CA","90806","TRUE"
"community-hospital-long-beach-long-beach","Community Hospital Long Beach",2.5,18,"1720 Termino Ave","Long Beach","CA","90804","TRUE"
"alamitos-belmont-rehabilitation-hospital-long-beach","Alamitos Belmont Rehabilitation Hospital",4,9,"3901 E 4th St","Long Beach","CA","90814","TRUE"
"urgent-care-plus-long-beach","Urgent Care Plus",5,41,"c(""555 E Ocean Blvd"", ""Ste 110"")","Long Beach","CA","90802","TRUE"
"c-a-r-e-program-long-beach","C.A.R.E. Program",5,2,"c(""1043 Elm Ave"", ""Ste 300"")","Long Beach","CA","90813","TRUE"
"reddy-urgent-care-long-beach","Reddy Urgent Care",4.5,10,"123 Atlantic Ave","Long Beach","CA","90802","TRUE"
"surgery-center-of-long-beach-long-beach","Surgery Center of Long Beach",5,1,"2880 Atlantic Ave Ste 160","Long Beach","CA","90806","FALSE"
"bowers-ambulance-servie-long-beach","Bowers Ambulance Servie",2.5,3,"c(""3355 E Spring St"", ""Ste 301"")","Long Beach","CA","90806","FALSE"
"broadway-by-the-sea-long-beach","Broadway by the Sea",3,1,"2725 E Broadway","Long Beach","CA","90803","FALSE"
"shoreline-healthcare-center-long-beach","Shoreline Healthcare Center",4.5,2,"4029 E Anaheim St","Long Beach","CA","90804","FALSE"
"long-beach-memorial-medical-center-memorial-healthtech-lab-long-beach","Long Beach Memorial Medical Center Memorial Healthtech Lab",4,1,"c(""701 E 28th St"", ""Ste 100"")","Long Beach","CA","90806","FALSE"
"country-villa-belmont-heights-healthcare-center-long-beach","Country Villa Belmont Heights Healthcare Center",2.5,5,"1730 Grand Ave","Long Beach","CA","90804","FALSE"
"pro-cpr-long-beach","PRO-CPR",4.5,27,"c(""5199 E Pacific Coast Hwy"", ""Ste 509"")","Long Beach","CA","90804","TRUE"
"jayatilaka-george-m-md-inc-long-beach-3","Jayatilaka George M Md Inc",1,2,"1045 Atlantic Ave","Long Beach","CA","90813","FALSE"
"harriman-jones-medical-group-long-beach-2","Harriman Jones Medical Group",3,10,"2600 Redondo Ave","Long Beach","CA","90806","TRUE"
"city-of-long-beach-travel-immunization-clinic-long-beach","City of Long Beach Travel Immunization Clinic",3,2,"2525 Grand Ave","Long Beach","CA","90815","FALSE"
"willow-urgent-care-long-beach","Willow Urgent Care",3,52,"2704 E Willow St","Long Beach","CA","90755","FALSE"
"marin-general-hospital-greenbrae-2","Marin General Hospital",3,59,"250 Bon Air Rd","Greenbrae","CA","94904","TRUE"
"marin-general-hospital-laboratory-mill-valley-2","Marin General Hospital--Laboratory",1,3,"c(""655 Redwood Highway"", ""Ste 100"")","Mill Valley","CA","94941","FALSE"
"kentfield-rehabilitation-and-specialty-hospital-kentfield-2","Kentfield Rehabilitation & Specialty Hospital",2,17,"1125 Sir Francis Drake Blvd","Kentfield","CA","94904","TRUE"
"sheri-steinberg-birth-doula-mill-valley-2","Sheri Steinberg - Birth Doula",5,5,"122 Sunnyside Ave","Mill Valley","CA","94941","TRUE"
"jade-schechter-md-larkspur","Jade Schechter, MD",5,38,"c(""One Medical Group"", ""900 Larkspur Landing Cir, Ste 200"")","Larkspur","CA","94939","TRUE"
"curtis-f-robinson-md-mill-valley","Curtis F. Robinson, MD",3.5,31,"c(""619 E Blithedale Ave"", ""Ste A"")","Mill Valley","CA","94941","TRUE"
"mary-newberry-cnm-greenbrae","Mary Newberry, CNM",4.5,14,"c(""Prima Medical Group"", ""1260 South Eliseo Dr."", ""2nd Fl"")","Greenbrae","CA","94904","FALSE"
"birth-doulas-of-marin-mill-valley","Birth Doulas of Marin",5,1,"list()","Mill Valley","CA","NULL","FALSE"
"lizellen-la-follette-md-greenbrae-5","Lizellen La Follette, MD",4,40,"c(""599 Sir Francis Drake"", ""Ste 301"")","Greenbrae","CA","94904","TRUE"
"howard-m-rosenfeld-md-larkspur","Howard M Rosenfeld, MD",5,3,"c(""1100 Larkspur Landing Cir"", ""Ste 150"", ""Children's Hospital and Research Center"")","Larkspur","CA","94939","TRUE"
"doulas-by-the-bay-serving-east-bay-san-francisco-and-marin-county","Doulas By The Bay",5,13,"list()","Serving East Bay San Francisco and Marin county","CA","94904","TRUE"
"quest-diagnostics-mill-valley-2","Quest Diagnostics",2.5,5,"447 Miller Ave Ste A","Mill Valley","CA","94941","FALSE"
"jolley-john-j-md-san-rafael","Jolley John J MD",5,1,"711 D St Ste 108","San Rafael","CA","94901","FALSE"
"howard-kornfeld-md-mill-valley","Howard Kornfeld, MD",3.5,6,"3 Madrona St","Mill Valley","CA","94941","TRUE"
"marin-specialty-surgery-center-greenbrae","Marin Specialty Surgery Center",5,3,"505 Sir Francis Drake Blvd","Greenbrae","CA","94904","FALSE"
"flash-gordon-md-greenbrae-2","Flash Gordon, MD",3.5,18,"c(""Ross Valley Medical Corporation"", ""1000 S Eliseo Dr, Ste 204"")","Greenbrae","CA","94904","TRUE"
"juliana-birnbaum-fox-san-rafael","Juliana Birnbaum Fox",5,2,"list()","San Rafael","CA","94901","TRUE"
"goldfarb-stanley-m-dvm-san-rafael-3","Goldfarb Stanley M DVM",3,4,"506 4th St","San Rafael","CA","94901","FALSE"
"naureen-shaikh-md-sausalito","Naureen Shaikh, MD",3.5,10,"111 Second St","Sausalito","CA","94965","FALSE"
"breast-diagnostic-center-of-marin-greenbrae","Breast Diagnostic Center of Marin",2.5,2,"c(""1240 Eliseo Drive"", ""Ste 203"")","Greenbrae","CA","94904","FALSE"
"doctors-medical-center-modesto","Doctors Medical Center",3,17,"1441 Florida Ave","Modesto","CA","95350","FALSE"
"memorial-medical-center-modesto","Memorial Medical Center",3.5,12,"1700 Coffee Rd","Modesto","CA","95355","TRUE"
"hylond-modesto-modesto","Hylond Modesto",3,1,"1900 Coffee Rd","Modesto","CA","95355","FALSE"
"garden-city-health-care-center-modesto","Garden City Health Care Center",3.5,4,"1310 W Granger Ave","Modesto","CA","95350","FALSE"
"kaiser-permanente-modesto","Kaiser Permanente",3,30,"c(""Modesto Medical Offices"", ""4601 Dale Rd"")","Modesto","CA","95356","FALSE"
"evergreen-rehabilitation-care-center-modesto","Evergreen Rehabilitation Care Center",1,1,"2030 Evergreen Ave","Modesto","CA","95350","FALSE"
"memorial-hospitals-association-modesto","Memorial Hospitals Association",3.5,3,"1700 Coffee Rd","Modesto","CA","95355","FALSE"
"the-stratford-at-beyer-park-modesto","The Stratford At Beyer Park",4.5,2,"3529 Forest Glenn Dr","Modesto","CA","95355","FALSE"
"winter-randy-d-md-modesto","Winter Randy D MD",3,2,"1444 Florida Ave","Modesto","CA","95350","FALSE"
"christopher-domush-md-modesto","Christopher Domush, MD",2.5,2,"1409 East Briggsmore","Modesto","CA","95355","FALSE"
"modesto-urgent-care-modesto","Modesto Urgent Care",3,5,"1908 Coffee Road, Suite 3","Modesto","CA","95355","FALSE"
"quest-diagnostics-inc-modesto","Quest Diagnostics Inc.",1,1,"1130 Coffee Rd","Modesto","CA","95355","FALSE"
"lidias-blessed-home-modesto","Lidia's Blessed Home",4,1,"3209 Hummingbird Ln","Modesto","CA","95356","FALSE"
"american-medical-response-western-region-modesto","American Medical Response-Western Region",2.5,2,"4701 Stoddard Rd","Modesto","CA","95356","FALSE"
"veterinary-emergency-clinic-inc-modesto","Veterinary Emergency Clinic Inc",4,12,"1800 Prescott Rd Ste E","Modesto","CA","95350","FALSE"
"the-hill-center-for-integrative-medicine-inc-modesto","The Hill Center for Integrative Medicine, Inc.",3.5,3,"c(""3609 Oakdale Rd"", ""Ste 5"")","Modesto","CA","95357","TRUE"
"modesto-city-of-modesto-3","Modesto City of",3.5,7,"3401 Dale Rd","Modesto","CA","95356","FALSE"
"henry-david-s-md-ob-gyn-facog-modesto","Henry David S MD OB-Gyn Facog",5,1,"1444 Coffee Rd","Modesto","CA","95355","FALSE"
"palitz-harvey-f-md-a-professional-corp-modesto","Palitz Harvey F MD A Professional Corp",1,1,"1524 McHenry Ave Ste 405","Modesto","CA","95350","FALSE"
"james-e-jacobson-dds-modesto","James E Jacobson, DDS",3,2,"c(""2020 Coffee Rd"", ""Ste F3"")","Modesto","CA","95355","TRUE"
"community-hospital-of-the-monterey-peninsula-monterey-2","Community Hospital of the Monterey Peninsula",3.5,37,"23625 Holman Hwy","Monterey","CA","93942","TRUE"
"hospice-of-the-central-coast-monterey-2","Hospice of the Central Coast",5,1,"2 Upper Ragsdale Dr Ste D210","Monterey","CA","93940","FALSE"
"westland-house-monterey","Westland House",4,1,"100 Barnet Segal Ln","Monterey","CA","93940","FALSE"
"blood-center-monterey","Blood Center",5,1,"c(""576 Hartnell St"", ""Ste 100"")","Monterey","CA","93940","FALSE"
"kajikuri-hisashi-md-monterey","Kajikuri Hisashi MD",5,1,"167 El Dorado St","Monterey","CA","93940","FALSE"
"community-hospital-of-the-monterey-peninsula-monterey-11","Community Hospital of the Monterey Peninsula",3.5,3,"c(""23845 Holman Hwy"", ""Ste 215"")","Monterey","CA","93940","TRUE"
"monterey-bay-urgent-care-medical-center-monterey","Monterey Bay Urgent Care Medical Center",3,17,"245 Washington St","Monterey","CA","93940","FALSE"
"flemming-david-r-md-monterey","Flemming David R MD",1,3,"757 Pacific St Ste B2","Monterey","CA","93940","FALSE"
"laughlin-donelle-a-md-monterey","LAUGHLIN DONELLE A MD",2,3,"889 Pacific St","Monterey","CA","93940","FALSE"
"central-coast-diagnostic-radiology-monterey-2","Central Coast Diagnostic Radiology",3,4,"c(""665 Munras Ave"", ""Ste 109"")","Monterey","CA","93940","TRUE"
"douglas-hulstedt-md-monterey","Douglas Hulstedt Md",3.5,13,"147 El Dorado St","Monterey","CA","93940","FALSE"
"osteoporosis-prevention-medical-clinic-monterey","Osteoporosis Prevention Medical Clinic",5,1,"889 Pacific St","Monterey","CA","93940","FALSE"
"cordbancusa-monterey","CordbancUSA",1,4,"c(""5 Lower Ragsdale Road"", ""Ste 100"")","Monterey","CA","93940","FALSE"
"airborne-carmel","Airborne",4.5,3,"list()","Carmel","CA","93921","FALSE"
"ryan-ranch-medical-group-monterey","Ryan Ranch Medical Group",2.5,19,"c(""2 Upper Ragsdale Dr"", ""Ste B110"")","Monterey","CA","93940","TRUE"
"mic-falkel-dds-monterey","Mic Falkel, DDS",4.5,8,"333 El Dorado St","Monterey","CA","93940","TRUE"
"carri-newhouse-monterey","Carri Newhouse",5,4,"c(""1015 Cass St"", ""Ste 12"")","Monterey","CA","93940","TRUE"
"community-imaging-center-monterey","Community Imaging Center",1,1,"2 Upper Ragsdale Dr Ste D100","Monterey","CA","93940","FALSE"
"peninsula-wellness-center-marina","Peninsula Wellness Center",4.5,8,"2920 2nd Ave","Marina","CA","93933","TRUE"
"lee-m-goldman-md-carmel","Lee M Goldman MD",3,2,"27880 Dorris Dr Ste 100","Carmel","CA","93923","FALSE"
"alameda-county-medical-center-oakland-6","Alameda County Medical Center",3.5,3,"1411 E 31st St","Oakland","CA","94602","FALSE"
"summit-medical-center-oakland","Summit Medical Center",4,4,"370 Hawthorne Ave","Oakland","CA","94609","FALSE"
"fruitvale-healthcare-center-oakland","Fruitvale Healthcare Center",2.5,3,"3020 E 15th St","Oakland","CA","94601","FALSE"
"bloom-birth-services-oakland","Bloom Birth Services",5,7,"list()","Oakland","CA","94610","FALSE"
"kaiser-permanente-medical-center-oakland","Kaiser Permanente Medical Center",3,131,"280 W MacArthur Blvd","Oakland","CA","94611","FALSE"
"earl-l-holloway-md-oakland","Earl L Holloway, MD",5,9,"3318 Elm St","Oakland","CA","94609","FALSE"
"alta-bates-summit-medical-center-oakland-6","Alta Bates Summit Medical Center",2.5,2,"c(""Alta Bates Summit Medical Ctr"", ""3100 Summit St"")","Oakland","CA","94609","FALSE"
"kaiser-permanente-oakland-2","Kaiser Permanente",3.5,8,"3701 Broadway","Oakland","CA","94609","FALSE"
"er-direct-oakland","ER Direct",5,21,"list()","Oakland","CA","94611","TRUE"
"pacific-births-oakland","Pacific Births",5,12,"list()","Oakland","CA","94610","TRUE"
"family-doula-services-oakland","Family Doula Services",5,9,"list()","Oakland","CA","94611","TRUE"
"molly-brannigan-lactation-consultant-oakland-2","Molly Brannigan, Lactation Consultant",5,11,"list()","Oakland","CA","NULL","FALSE"
"alameda-hospital-alameda","Alameda Hospital",3,36,"2070 Clinton Ave","Alameda","CA","94501","FALSE"
"nickie-tilsner-cd-cbe-oakland","Nickie Tilsner, CD, CBE",5,2,"list()","Oakland","CA","94612","TRUE"
"mama-wise-heart-oakland-4","Mama Wise Heart",5,6,"362 Grand Ave","Oakland","CA","94610","TRUE"
"va-palo-alto-health-care-system-palo-alto","VA Palo Alto Health Care System",4.5,33,"3801 Miranda Ave","Palo Alto","CA","94304","TRUE"
"lucile-packard-childrens-hospital-palo-alto-2","Lucile Packard Children's Hospital",3.5,69,"725 Welch Rd","Palo Alto","CA","94304","TRUE"
"stanford-hospital-and-clinics-palo-alto","Stanford Hospital & Clinics",3,166,"300 Pasteur Dr","Palo Alto","CA","94304","TRUE"
"lucile-packard-childrens-hospital-cafeteria-palo-alto","Lucile Packard Children's Hospital Cafeteria",3.5,5,"725 Welch Rd","Palo Alto","CA","94309","FALSE"
"stanford-blood-center-palo-alto-2","Stanford Blood Center",4.5,18,"780 Welch Rd","Palo Alto","CA","94304","FALSE"
"menlo-park-surgical-hospital-menlo-park","Menlo Park Surgical Hospital",4.5,9,"570 Willow Rd","Menlo Park","CA","94025","FALSE"
"lifeline-of-stanford-hospital-palo-alto","Lifeline of Stanford Hospital",5,1,"list()","Palo Alto","CA","94301","FALSE"
"palo-alto-nursing-center-palo-alto","Palo Alto Nursing Center",4,5,"911 Bryant St","Palo Alto","CA","94301","FALSE"
"stanford-clinic-palo-alto","Stanford Clinic",4,1,"900 Blake Wilbur Dr","Palo Alto","CA","94304","FALSE"
"anne-porzig-md-palo-alto","Anne Porzig MD",3.5,3,"c(""Palo Alto Medical Foundation"", ""795 El Camino Real"")","Palo Alto","CA","94301","FALSE"
"el-camino-hospital-maternal-connections-mountain-view","El Camino Hospital Maternal Connections",3.5,13,"2485 Hospital Dr","Mountain View","CA","94040","FALSE"
"el-camino-hospital-mountain-view","El Camino Hospital",3.5,141,"2500 Grant Rd","Mountain View","CA","94040","TRUE"
"stanford-blood-center-mountain-view","Stanford Blood Center",4.5,20,"c(""515 South Dr"", ""Ste 20"")","Mountain View","CA","94040","FALSE"
"christine-huo-md-palo-alto","Christine Huo, MD",4.5,12,"c(""Palo Alto Medical Foundation"", ""795 El Camino Real"")","Palo Alto","CA","94301","FALSE"
"lytton-gardens-palo-alto","Lytton Gardens",3,7,"437 Webster St","Palo Alto","CA","94301","TRUE"
"stanford-cancer-center-stanford","Stanford Cancer Center",4,27,"875 Blake Wilbur Dr","Stanford","CA","94305","TRUE"
"stanford-sleep-disorders-research-center-stanford","Stanford Sleep Disorders Research Center",3,14,"401 Quarry Rd","Stanford","CA","94305","FALSE"
"stanford-family-practice-palo-alto","Stanford Family Practice",4,4,"900 Blake Wilbur Drive","Palo Alto","CA","94304","TRUE"
"cherie-zappas-tannenbaum-np-ibclc-palo-alto-3","Cherie Zappas Tannenbaum, NP, IBCLC",5,7,"list()","Palo Alto","CA","94301","TRUE"
"stanford-hoover-pavilion-palo-alto","Stanford Hoover Pavilion",4,1,"211 Quarry Rd","Palo Alto","CA","94304","FALSE"
"east-houston-regional-medical-center-houston","East Houston Regional Medical Center",4.5,3,"13111 E Fwy","Houston","TX","77015","FALSE"
"doctors-outpatient-surgicenter-ltd-pasadena","Doctors Outpatient Surgicenter Ltd",4.5,2,"3534 Vista Rd","Pasadena","TX","77504","FALSE"
"patients-medical-center-pasadena","Patients Medical Center",4,2,"4600 E Sam Houston Pkwy S","Pasadena","TX","77505","FALSE"
"immediate-medical-care-pasadena","Immediate Medical Care",5,1,"6825 Spencer Hwy","Pasadena","TX","77505","TRUE"
"janki-pat-h-md-houston","Janki Pat H MD",4,1,"12080 East Fwy","Houston","TX","77029","FALSE"
"bayshore-medical-center-pasadena","Bayshore Medical Center",1,1,"4000 Spencer Hwy","Pasadena","TX","77504","FALSE"
"the-rose-houston-3","The Rose",5,1,"c(""12700 N Featherwood"", ""Ste 260"")","Houston","TX","77034","FALSE"
"bay-area-birth-center-pasadena","Bay Area Birth Center",5,2,"3210 Strawberry Rd","Pasadena","TX","77504","TRUE"
"full-circle-obgyn-houston","Full Circle OBGYN",3,1,"902 Normandy St","Houston","TX","77015","FALSE"
"rebeccas-ice-house-houston","Rebecca's Ice House",3,1,"230 Winkler Dr","Houston","TX","77087","FALSE"
"victory-surgical-hospital-east-houston-houston","Victory Surgical Hospital - East Houston",5,1,"c(""12950 East Freeway"", ""Suite 100"")","Houston","TX","77015","FALSE"
"kaiser-permanente-medical-care-program-riverside","Kaiser Permanente Medical Care Program",2.5,18,"10800 Magnolia Ave","Riverside","CA","92505","FALSE"
"riverside-community-hospital-riverside-2","Riverside Community Hospital",2.5,29,"4445 Magnolia Ave","Riverside","CA","92501","TRUE"
"riverside-community-hospital-riverside","Riverside Community Hospital",1,2,"5900 Brockton Ave","Riverside","CA","92506","FALSE"
"parkview-community-hospital-riverside","Parkview Community Hospital",2.5,11,"3865 Jackson St","Riverside","CA","92503","FALSE"
"riverside-center-for-behavioral-medicine-riverside","Riverside Center For Behavioral Medicine",3.5,4,"5900 Brockton Ave","Riverside","CA","92506","TRUE"
"kaiser-permanente-riverside","Kaiser Permanente",4,14,"10898 Magnolia Ave","Riverside","CA","92505","FALSE"
"raincross-medical-group-riverside-2","Raincross Medical Group",4,4,"4646 Brockton Ave","Riverside","CA","92506","FALSE"
"family-dentistry-riverside-2","Family Dentistry",2.5,3,"4670 La Sierra Ave","Riverside","CA","92505","FALSE"
"kaiser-permanente-riverside-6","Kaiser Permanente",1,1,"11011 Magnolia Ave","Riverside","CA","92505","FALSE"
"gentle-dental-riverside-dental-practice-riverside-3","Gentle Dental Riverside Dental Practice",1,9,"c(""3630 Central Avenue"", ""Suite 6"")","Riverside","CA","92506","TRUE"
"jeffrey-lowry-dds-riverside","Jeffrey Lowry, DDS",5,3,"c(""Riverside Family Dentist"", ""3769 McCray St"")","Riverside","CA","92506","TRUE"
"alta-vista-healthcare-center-riverside","Alta Vista Healthcare Center",1,1,"9020 Garfield St","Riverside","CA","92503","FALSE"
"mariscos-la-conchita-riverside","Mariscos La Conchita",4,7,"10529 Hole Ave","Riverside","CA","92505","FALSE"
"the-red-door-tattoo-and-gallery-grand-terrace","The Red Door Tattoo & Gallery",4,4,"12018 La Crosse Ave","Grand Terrace","CA","92313","FALSE"
"wilds-veterinary-hospital-riverside","Wilds Veterinary Hospital",2.5,2,"625 W La Cadena Dr","Riverside","CA","92501","FALSE"
"orangetree-convalescent-hospital-riverside","Orangetree Convalescent Hospital",1,1,"4000 Harrison St","Riverside","CA","92503","FALSE"
"shriners-hospitals-for-children-sacramento","Shriners Hospitals for Children",4.5,13,"2425 Stockton Boulevard","Sacramento","CA","95817","TRUE"
"sutter-memorial-hospital-sacramento-2","Sutter Memorial Hospital",4,25,"5151 F St","Sacramento","CA","95819","TRUE"
"uc-davis-medical-center-and-childrens-hospital-sacramento-4","UC Davis Medical Center and Children's Hospital",4,29,"2315 Stockton Blvd","Sacramento","CA","95817","FALSE"
"sutter-general-hospital-sacramento","Sutter General Hospital",4,16,"2801 L St","Sacramento","CA","95816","TRUE"
"mercy-general-hospital-sacramento","Mercy General Hospital",3,33,"4001 J St","Sacramento","CA","95819","TRUE"
"uc-davis-medical-center-and-childrens-hospital-sacramento-2","UC Davis Medical Center & Children's Hospital",2.5,15,"3300 Stockton Blvd","Sacramento","CA","95820","FALSE"
"mercy-hospital-of-folsom-sacramento","Mercy Hospital of Folsom",3,2,"list()","Sacramento","CA","95814","FALSE"
"kaiser-permanente-sacramento","Kaiser Permanente",3.5,35,"6600 Bruceville Rd","Sacramento","CA","95823","FALSE"
"methodist-hospital-of-sacramento-sacramento","Methodist Hospital of Sacramento",2.5,23,"7500 Hospital Dr","Sacramento","CA","95823","TRUE"
"sierra-vista-hospital-sacramento","Sierra Vista Hospital",1.5,6,"8001 Bruceville Rd","Sacramento","CA","95823","FALSE"
"cyndis-doula-service-sacramento-2","Cyndi's Doula Service",5,11,"list()","Sacramento","CA","95818","FALSE"
"kaiser-permanente-sacramento-medical-center-sacramento-8","Kaiser Permanente Sacramento Medical Center",4,23,"2016 Morse Ave","Sacramento","CA","95825","FALSE"
"sutter-center-for-psychiatry-sacramento","Sutter Center For Psychiatry",2.5,2,"7700 Folsom Blvd","Sacramento","CA","95826","TRUE"
"uc-davis-health-system-sacramento-37","UC Davis Health System",3.5,4,"2730 Stockton Blvd","Sacramento","CA","95817","FALSE"
"ruth-lundsten-doula-services-sacramento","Ruth Lundsten Doula Services",5,2,"list()","Sacramento","CA","95816","FALSE"
"the-birth-center-sacramento","The Birth Center",3.5,18,"5440 Laurel Hills Dr","Sacramento","CA","95841","TRUE"
"sutter-health-sacramento-3","Sutter Health",3.5,2,"2200 River Plaza Dr","Sacramento","CA","95833","TRUE"
"sutter-river-city-surgery-center-sacramento","Sutter River City Surgery Center",3,2,"75 Scripps Dr","Sacramento","CA","95825","FALSE"
"sutter-general-hospital-sacramento-3","Sutter General Hospital",1,1,"list()","Sacramento","CA","95814","FALSE"
"sacramento-urgent-care-sacramento","Sacramento Urgent Care",3,15,"c(""7200 S Land Park Dr"", ""Ste 100"")","Sacramento","CA","95831","TRUE"
"salinas-valley-memorial-hospital-salinas-3","Salinas Valley Memorial Hospital",5,1,"450 E Romie Ln","Salinas","CA","93901","FALSE"
"pacific-coast-care-center-salinas","Pacific Coast Care Center",3,2,"720 E. Romie Lane","Salinas","CA","93901","FALSE"
"salinas-valley-memorial-hospital-salinas","Salinas Valley Memorial Hospital",2.5,4,"450 E Romie Ln","Salinas","CA","93901","FALSE"
"natividad-medical-center-salinas","Natividad Medical Center",2.5,14,"1441 Constitution Blvd","Salinas","CA","93906","FALSE"
"katz-toby-md-salinas","Katz Toby MD",5,1,"1081 Los Palos Dr","Salinas","CA","93901","FALSE"
"salinas-surgery-center-salinas","Salinas Surgery Center",5,1,"955 Blanco Cir Ste A","Salinas","CA","93901","FALSE"
"salinas-valley-imaging-center-salinas","Salinas Valley Imaging Center",3.5,6,"559 Abbott St","Salinas","CA","93901","TRUE"
"katherine-healthcare-center-salinas-2","Katherine Healthcare Center",5,1,"315 Alameda Ave","Salinas","CA","93901","FALSE"
"central-coast-nephrology-salinas","Central Coast Nephrology",5,1,"917 Blanco Cir","Salinas","CA","93901","FALSE"
"rosen-norman-md-salinas","Rosen Norman MD",5,1,"1332 Natividad Rd Ste B","Salinas","CA","93906","FALSE"
"salinas-valley-memorial-healthcare-system-salinas-2","Salinas Valley Memorial Healthcare System",3.5,3,"450 E Romie Ln","Salinas","CA","93901","FALSE"
"doctors-on-duty-salinas-2","Doctors On Duty",3.5,3,"1212 S Main St","Salinas","CA","93901","TRUE"
"pinnacle-health-care-salinas","Pinnacle Health Care",2,6,"2 Rossi Cir","Salinas","CA","93901","FALSE"
"los-palos-ambulatory-endoscopy-center-salinas","Los Palos Ambulatory Endoscopy Center",1,1,"1081 Los Palos Dr","Salinas","CA","93901","FALSE"
"salinas-golf-and-country-club-salinas-2","Salinas Golf & Country Club",5,1,"475 San Juan Grade Rd","Salinas","CA","93906","FALSE"
"hospitality-dental-associates-of-san-bernardino-san-bernardino","Hospitality Dental Associates of San Bernardino",5,5,"c(""164 W Hospitality Ln Ste 14"", ""Ln Ste 14"")","San Bernardino","CA","92408","TRUE"
"community-hospital-of-san-bernardino-san-bernardino","Community Hospital of San Bernardino",4,4,"1805 Medical Center Drive","San Bernardino","CA","92411","TRUE"
"ballard-robert-h-rehabilitation-hospital-san-bernardino","Ballard Robert H Rehabilitation Hospital",2,3,"1760 W 16th St","San Bernardino","CA","92411","FALSE"
"redlands-community-hospital-redlands-2","Redlands Community Hospital",4,4,"350 Terracina Blvd","Redlands","CA","92373","FALSE"
"loma-linda-university-medical-center-east-campus-hospital-loma-linda","Loma Linda University Medical Center East Campus Hospital",4,1,"25333 Barton Rd","Loma Linda","CA","92354","FALSE"
"arrowhead-regional-medical-center-colton","Arrowhead Regional Medical Center",3,16,"400 N Pepper Ave","Colton","CA","92324","FALSE"
"loma-linda-heart-and-surgical-center-redlands","Loma Linda Heart And Surgical Center",5,1,"26780 Barton Rd","Redlands","CA","92373","FALSE"
"loma-linda-east-campus-hospital-loma-linda","Loma Linda East Campus Hospital",5,3,"c(""25333 Barton Rd"", ""Unit 1100"")","Loma Linda","CA","92354","FALSE"
"st-bernardine-medical-center-san-bernardino-2","St. Bernardine Medical Center",2,9,"2101 N Waterman Ave","San Bernardino","CA","92404","TRUE"
"jerry-l-pettis-memorial-veterans-medical-center-loma-linda","Jerry L Pettis Memorial Veterans Medical Center",3,13,"11201 Benton St","Loma Linda","CA","92357","TRUE"
"loma-linda-university-medical-center-loma-linda","Loma Linda University Medical Center",3,36,"11234 Anderson St","Loma Linda","CA","92354","FALSE"
"vitas-innovative-hospice-care-of-inland-empire-san-bernardino","VITAS Innovative Hospice Care of Inland Empire",2.5,3,"c(""1845 Business Center Dr"", ""Ste 120"")","San Bernardino","CA","92408","TRUE"
"patton-hospital-patton","Patton Hospital",1,1,"3102 E Highland Ave","Patton","CA","92369","FALSE"
"beaver-medical-group-urgent-care-center-highland","Beaver Medical Group Urgent Care Center",4.5,5,"7000 Boulder Ave","Highland","CA","92346","FALSE"
"loma-linda-family-medicine-center-loma-linda","Loma Linda Family Medicine Center",4.5,2,"c(""25455 Barton Rd"", ""Ste 207-A"")","Loma Linda","CA","92354","FALSE"
"waterman-convalescent-hospital-san-bernardino","Waterman Convalescent Hospital",4,1,"1850 N Waterman Ave","San Bernardino","CA","92404","FALSE"
"beaver-medical-group-highland","Beaver Medical Group",3.5,3,"7000 Boulder Ave","Highland","CA","92346","FALSE"
"loma-linda-university-medical-center-loma-linda-2","Loma Linda University Medical Center",4.5,4,"11234 Anderson St","Loma Linda","CA","92354","FALSE"
"loma-linda-urgent-care-center-loma-linda","Loma Linda Urgent Care Center",2,6,"c(""Loma Linda University East Campus Hospital"", ""25333 Barton Rd"")","Loma Linda","CA","92350","FALSE"
"lluhc-center-for-fertility-and-in-vitro-fertilization-loma-linda","LLUHC Center for Fertility and In Vitro Fertilization",1.5,3,"11370 Anderson St","Loma Linda","CA","92354","FALSE"
"regional-medical-center-of-san-jose-san-jose-4","Regional Medical Center of San Jose",3.5,55,"225 N Jackson Ave","San Jose","CA","95116","TRUE"
"good-samaritan-hospital-san-jose-2","Good Samaritan Hospital",3,130,"2425 Samaritan Dr","San Jose","CA","95125","FALSE"
"o-connor-hospital-emergency-room-san-jose","O'Connor Hospital Emergency Room",2.5,28,"2105 Forest Ave","San Jose","CA","95128","FALSE"
"o-connor-hospital-san-jose-7","O'Connor Hospital",3,66,"2105 Forest Ave","San Jose","CA","95128","TRUE"
"o-connor-hospital-family-center-san-jose","O'Connor Hospital Family Center",4,10,"c(""2105 Forest Ave"", ""3rd Fl"")","San Jose","CA","95128","TRUE"
"santa-clara-valley-medical-center-san-jose-11","Santa Clara Valley Medical Center",2,18,"2200 Moorpark Ave","San Jose","CA","95128","FALSE"
"santa-clara-valley-medical-center-san-jose-4","Santa Clara Valley Medical Center",2.5,87,"751 S Bascom Ave","San Jose","CA","95128","FALSE"
"healthsouth-forest-surgery-center-san-jose","Healthsouth Forest Surgery Center",3,6,"2110 Forest Ave","San Jose","CA","95128","FALSE"
"o-connor-hospital-ambulatory-surgery-dept-san-jose","O'Connor Hospital, Ambulatory Surgery Dept",3,2,"2105 Forest Ave,","San Jose","CA","95128","FALSE"
"white-blossom-care-center-san-jose","White Blossom Care Center",3,13,"1990 Fruitdale Ave","San Jose","CA","95128","FALSE"
"kaiser-permanente-san-jose-main-campus-san-jose","Kaiser Permanente: San Jose Main Campus",4,1,"250 Hospital Pkwy","San Jose","CA","95119","FALSE"
"bundle-of-joy-doula-care-san-jose-2","Bundle of Joy Doula Care",5,21,"list()","San Jose","CA","95125","TRUE"
"k-min-yi-md-san-jose","K  Min Yi, MD",5,1,"c(""2066 Clarmar Way"", ""Ste B"")","San Jose","CA","95128","FALSE"
"o-connor-hospital-pediatric-center-for-life-san-jose-2","O'connor Hospital Pediatric Center For Life",1,1,"2030 Forest Ave Ste 110","San Jose","CA","95128","FALSE"
"travel-clinic-san-jose-park-almeda-san-jose-2","Travel Clinic San Jose - Park Almeda",4.5,19,"c(""976 Lenzen Ave"", ""Ste 1100"")","San Jose","CA","95126","TRUE"
"el-camino-hospital-los-gatos-3","El Camino Hospital",4,55,"815 Pollard Rd","Los Gatos","CA","95032","FALSE"
"dr-archana-n-dhawan-san-jose","Dr. Archana N. Dhawan",5,2,"c(""105 N Bascom"", ""Ste 104"")","San Jose","CA","95128","FALSE"
"mission-de-la-casa-nursing-and-rehabilitation-center-san-jose","Mission De La Casa Nursing & Rehabilitation Center",2,11,"2501 Alvin Ave","San Jose","CA","95121","FALSE"
"kaiser-permanente-medical-center-santa-clara","Kaiser Permanente Medical Center",3.5,38,"700 Lawrence Expy","Santa Clara","CA","95051","FALSE"
"kaiser-permanente-medical-offices-santa-clara","Kaiser Permanente Medical Offices",3.5,123,"710 Lawrence Expy","Santa Clara","CA","95052","FALSE"
"french-hospital-medical-center-san-luis-obispo","French Hospital Medical Center",4,14,"1911 Johnson Ave","San Luis Obispo","CA","93401","TRUE"
"sierra-vista-regional-medical-center-san-luis-obispo","Sierra Vista Regional Medical Center",4.5,12,"1010 Murray St","San Luis Obispo","CA","93405","TRUE"
"general-hospital-san-luis-obispo","General Hospital",5,1,"2180 Johnson Ave","San Luis Obispo","CA","93401","FALSE"
"healthsouth-surgery-center-of-san-luis-obispo-san-luis-obispo","Healthsouth Surgery Center of San Luis Obispo",5,1,"1304 Ella St Ste C","San Luis Obispo","CA","93401","FALSE"
"french-hospital-medical-center-emergency-dept-san-luis-obispo","French Hospital Medical Center Emergency Dept",4,4,"1911 Johnson Ave","San Luis Obispo","CA","93401","FALSE"
"lisa-winick-cnm-san-luis-obispo","Lisa Winick, CNM",5,1,"c(""Creating Harmony Women's Healthcare"", ""1941 Johnson Ave, Ste 202"")","San Luis Obispo","CA","93401","FALSE"
"hayashi-howard-h-md-san-luis-obispo","Hayashi Howard H MD",4,2,"77 Casa St Ste 103","San Luis Obispo","CA","93405","FALSE"
"coryell-james-d-md-san-luis-obispo","Coryell James D MD",5,1,"1235 Osos St","San Luis Obispo","CA","93401","FALSE"
"welcome-om-san-luis-obispo","Welcome Om",5,6,"255 Country Club Dr","San Luis Obispo","CA","93401","TRUE"
"dr-mazzones-family-and-industrial-medical-center-san-luis-obispo","Dr Mazzone's Family & Industrial Medical Center",3,17,"47 Santa Rosa St","San Luis Obispo","CA","93405","TRUE"
"med-stop-urgent-care-center-san-luis-obispo","Med-Stop Urgent Care Center",4,9,"c(""283 Madonna Rd"", ""Ste B"")","San Luis Obispo","CA","93405","TRUE"
"matthew-y-kim-dds-san-luis-obispo","Matthew Y Kim, DDS",3.5,8,"1370 Chorro St","San Luis Obispo","CA","93401","TRUE"
"see-canyon-fruit-ranch-country-celebration-san-luis-obispo","See Canyon Fruit Ranch-Country Celebration",4.5,7,"2345 See Canyon Rd","San Luis Obispo","CA","93405","FALSE"
"central-california-school-of-continuing-education-san-luis-obispo","Central California School of Continuing Education",3.5,7,"3195 McMillan Ave Ste F","San Luis Obispo","CA","93401","FALSE"
"san-mateo-medical-center-san-mateo-4","San Mateo Medical Center",3,23,"222 W 39th Ave","San Mateo","CA","94403","FALSE"
"mills-peninsula-health-services-san-mateo","Mills-Peninsula Health Services",3,20,"101 S San Mateo Dr","San Mateo","CA","94401","TRUE"
"mills-peninsula-womens-center-san-mateo","Mills-Peninsula Women's Center",4.5,19,"100 S San Mateo Dr","San Mateo","CA","94401","FALSE"
"brookside-skilled-nursing-hospital-san-mateo","Brookside Skilled Nursing Hospital",4.5,3,"2620 Flores St","San Mateo","CA","94403","FALSE"
"dolphin-doula-san-mateo","Dolphin Doula",5,21,"list()","San Mateo","CA","94402","TRUE"
"san-mateo-county-general-hospital-san-mateo-2","San Mateo County General Hospital",3,8,"222 W 39th Ave","San Mateo","CA","94403","FALSE"
"mills-peninsula-health-services-burlingame-4","Mills-Peninsula Health Services",3.5,79,"1501 Trousdale Drive","Burlingame","CA","94010","TRUE"
"mills-health-center-san-mateo","Mills Health Center",1.5,3,"100 S San Mateo Dr","San Mateo","CA","94401","FALSE"
"california-cancer-care-san-mateo","California Cancer Care",4,4,"218 De Anza Boulevard","San Mateo","CA","94402","FALSE"
"acute-rehabilitation-mills-peninsula-hospitals-san-mateo","Acute Rehabilitation Mills-Peninsula Hospitals",1,1,"100 S San Mateo Drive","San Mateo","CA","94401","FALSE"
"mpmg-clinic-san-mateo","MPMG Clinic",3,5,"50 N San Mateo Dr","San Mateo","CA","94401","FALSE"
"san-mateo-medical-center-san-mateo","San Mateo Medical Center",2,1,"222 W 39th Ave","San Mateo","CA","94403","FALSE"
"stork-and-sprout-san-mateo","Stork & Sprout",5,6,"list()","San Mateo","CA","94402","TRUE"
"nihon-bay-clinic-san-mateo","Nihon Bay Clinic",4,4,"40 N San Mateo Dr","San Mateo","CA","94401","TRUE"
"carlmont-gardens-nursing-center-belmont","Carlmont Gardens Nursing Center",4.5,7,"2140 Carlmont Dr","Belmont","CA","94002","FALSE"
"mills-peninsula-extended-care-san-mateo","Mills-Peninsula Extended Care",2,3,"100 S San Mateo Dr","San Mateo","CA","94401","FALSE"
"kaiser-permanente-san-mateo-medical-offices-san-mateo","Kaiser Permanente San Mateo Medical Offices",4,24,"1000 Franklin Pkwy","San Mateo","CA","94403","FALSE"
"millbrae-serra-convalescent-hospital-millbrae","Millbrae Serra Convalescent Hospital",5,1,"150 Serra Ave","Millbrae","CA","94030","FALSE"
"julie-ann-randall-san-mateo","Julie Ann Randall",5,9,"list()","San Mateo","CA","94403","TRUE"
"wellspring-bodywork-and-massage-therapy-san-mateo","Wellspring Bodywork & Massage Therapy",5,9,"c(""Qi Harmony Wellness Center"", ""18 N San Mateo Dr"")","San Mateo","CA","94401","TRUE"
"coastal-communities-hospital-santa-ana","Coastal Communities Hospital",2.5,9,"2701 S Bristol St","Santa Ana","CA","92704","FALSE"
"western-medical-center-santa-ana","Western Medical Center",3,21,"1001 N Tustin Ave","Santa Ana","CA","92705","TRUE"
"uniforms-cache-santa-ana","Uniform's Cache",3.5,10,"2301 E 17th St","Santa Ana","CA","92705","TRUE"
"orange-coast-memorial-medical-center-fountain-valley","Orange Coast Memorial Medical Center",3,47,"9920 Talbert Ave","Fountain Valley","CA","92708","TRUE"
"royale-health-care-center-santa-ana","Royale Health Care Center",5,1,"1030 W Warner Ave","Santa Ana","CA","92707","FALSE"
"lukasz-gorski-dds-santa-ana","Lukasz Gorski,DDS",5,3,"3620 S Bristol St","Santa Ana","CA","92704","FALSE"
"orange-county-burn-center-santa-ana-4","Orange County Burn Center",4.5,3,"c(""Western Medical Center"", ""1001 N Tustin Ave"")","Santa Ana","CA","92705","TRUE"
"monroe-mark-md-santa-ana","Monroe Mark MD",4,5,"2414 S Fairview St","Santa Ana","CA","92704","FALSE"
"associated-urologists-of-orange-county-santa-ana","Associated Urologists of Orange County",3,2,"1801 N Broadway","Santa Ana","CA","92706","FALSE"
"livys-heart-birth-services-santa-ana","Livy's Heart: Birth Services",5,2,"list()","Santa Ana","CA","92706","TRUE"
"terreros-carmen-md-santa-ana","Terreros Carmen MD",1,1,"801 N Tustin Ave Ste 607","Santa Ana","CA","92705","FALSE"
"casa-dental-of-santa-ana-santa-ana","Casa Dental of Santa Ana",5,8,"1334 W First St","Santa Ana","CA","92703","TRUE"
"kaiser-permanente-santa-ana","Kaiser Permanente",3.5,29,"3401 S Harbor Blvd","Santa Ana","CA","92704","FALSE"
"lin-huey-c-md-santa-ana","Lin Huey C MD",1,3,"2621 S Bristol St","Santa Ana","CA","92704","FALSE"
"santa-clarita-valley-birth-center-santa-clarita","Santa Clarita Valley Birth Center",5,7,"c(""25050 Peachland Ave"", ""Ste 170"")","Santa Clarita","CA","91321","FALSE"
"henry-mayo-newhall-memorial-hospital-valencia","Henry Mayo Newhall Memorial Hospital",2.5,43,"23845 McBean Pkwy","Valencia","CA","91355","FALSE"
"socal-midwifery-santa-clarita","Socal Midwifery",5,1,"list()","Santa Clarita","CA","91350","FALSE"
"kaiser-permanente-santa-clarita","Kaiser Permanente",3,14,"27107 Tourney Rd","Santa Clarita","CA","91355","FALSE"
"circle-of-life-elderly-care-santa-clarita","Circle of Life Elderly Care",5,1,"23505 Via Castanet","Santa Clarita","CA","91355","FALSE"
"sheila-r-veloz-breast-imaging-center-valencia","Sheila R Veloz Breast Imaging Center",5,4,"23845 McBean Pkwy","Valencia","CA","91355","FALSE"
"western-dental-santa-clarita","Western Dental ",1,5,"23130 Lyons Ave.","Santa Clarita","CA","91321","TRUE"
"olive-view-ucla-medical-center-sylmar","Olive View-Ucla Medical Center",2,45,"14445 Olive View Dr","Sylmar","CA","91342","FALSE"
"doctors-express-santa-clarita-2","Doctors Express",4,12,"19042 Soledad Canyon Rd","Santa Clarita","CA","91351","TRUE"
"the-doctors-office-newhall","The Doctors' Office",4.5,17,"c(""24355 Lyons Ave"", ""Ste 130"")","Newhall","CA","91321","TRUE"
"ho-shin-pin-md-canyon-cntry","Ho Shin Pin MD",1,3,"27141 Hidaway Ave","Canyon Cntry","CA","91351","FALSE"
"amida-hospice-care-santa-clarita","Amida Hospice Care",5,1,"18302 Sierra Hwy","Santa Clarita","CA","91351","FALSE"
"renal-consultants-medical-group-newhall","Renal Consultants Medical Group",5,1,"23928 Lyons Ave Ste 205","Newhall","CA","91321","FALSE"
"virginia-hughson-otte-dds-inc-valencia-2","Virginia Hughson-Otte, DDS, Inc",5,2,"c(""27450 Tourney Rd"", ""Ste 220"")","Valencia","CA","91355","TRUE"
"facey-medical-group-valencia-2","Facey Medical Group",2.5,18,"26357 McBean Pkwy","Valencia","CA","91355","TRUE"
"navizadeh-navid-md-valencia-2","Navizadeh Navid, MD",5,1,"c(""25751 McBean Pkwy"", ""Ste 220"")","Valencia","CA","91355","TRUE"
"advanced-audiology-valencia","Advanced Audiology",3.5,5,"c(""23822 Valencia Blvd"", ""Ste 103"")","Valencia","CA","91355","TRUE"
"new-hope-acupuncture-medical-group-valencia","New Hope Acupuncture Medical Group",4.5,3,"c(""28212 Kelly Johnson Pkwy"", ""Ste 140"")","Valencia","CA","91355","TRUE"
"virginia-hughson-otte-dds-inc-valencia-3","Virginia Hughson-Otte, DDS, Inc",3.5,3,"c(""27450 Tourney Rd"", ""Ste 220"")","Valencia","CA","91355","TRUE"
"go-dental-valencia","Go Dental",3,2,"c(""27560 Newhall Ranch Rd"", ""Ste 309"")","Valencia","CA","91355","TRUE"
"dominican-hospital-rehabilitation-services-santa-cruz","Dominican Hospital-Rehabilitation Services",4.5,2,"610 Frederick St","Santa Cruz","CA","95060","TRUE"
"sutter-maternity-and-surgery-center-santa-cruz","Sutter Maternity & Surgery Center",4.5,24,"2900 Chanticleer Ave","Santa Cruz","CA","95065","TRUE"
"dominican-hospital-santa-cruz","Dominican Hospital",3,35,"1555 Soquel Dr","Santa Cruz","CA","95065","TRUE"
"johnson-a-jay-md-santa-cruz","Johnson A Jay, MD",3.5,5,"c(""1667 Dominican Way"", ""Ste 230"")","Santa Cruz","CA","95065","FALSE"
"santa-cruz-surgery-center-santa-cruz","Santa Cruz Surgery Center",4,5,"3003 Paul Sweet Rd","Santa Cruz","CA","95065","FALSE"
"tari-neill-lm-cpm-santa-cruz","Tari Neill, LM, CPM",5,2,"c(""501 Cedar St"", ""Ste C"")","Santa Cruz","CA","95060","TRUE"
"raj-singh-md-santa-cruz-2","Raj Singh, MD",3.5,5,"c(""1667 Dominican Way"", ""Ste 120"")","Santa Cruz","CA","95065","FALSE"
"joscelyn-grote-lm-cpm-santa-cruz","Joscelyn Grote, LM, CPM",4.5,8,"c(""406 Mission St"", ""Ste E"")","Santa Cruz","CA","95060","TRUE"
"the-santa-cruz-village-birth-and-family-enrichment-center-santa-cruz","The Santa Cruz Village Birth & Family Enrichment Center",5,6,"c(""730 Mission St"", ""Ste 101"")","Santa Cruz","CA","95060","TRUE"
"tranquil-ayurveda-santa-cruz","Tranquil Ayurveda",5,3,"231 Mountain View Ave","Santa Cruz","CA","95062","TRUE"
"sharon-potteiger-lm-cpm-santa-cruz","Sharon Potteiger, LM, CPM",5,2,"c(""1040 River St"", ""Ste 320"")","Santa Cruz","CA","95060","TRUE"
"david-m-rose-md-santa-cruz","David M. Rose, MD",5,4,"2911 Chanticleer Ave","Santa Cruz","CA","95065","FALSE"
"emilee-benner-santa-cruz","Emilee Benner",5,5,"KneadLove Doula Services","Santa Cruz","CA","95060","TRUE"
"kelly-olmstead-lm-cpm-santa-cruz-2","Kelly Olmstead, LM CPM",4.5,8,"c(""1653A El Dorado"", ""corner of El Dorado and Capitola Rd"")","Santa Cruz","CA","95062","TRUE"
"harbor-medical-group-obstetrics-and-gynecology-santa-cruz","Harbor Medical Group Obstetrics and Gynecology",3.5,6,"c(""1661 Soquel Dr"", ""Ste A"")","Santa Cruz","CA","95065","FALSE"
"mamacare-santa-cruz-2","Mamacare",5,5,"441 Spring St","Santa Cruz","CA","95060","TRUE"
"dr-philip-ottinger-dds-santa-cruz","Dr Philip Ottinger DDS",2.5,3,"1588 Soquel Drive","Santa Cruz","CA","95065","FALSE"
"hammig-meredith-cnm-santa-cruz","Hammig Meredith Cnm",5,1,"1595 Soquel Dr","Santa Cruz","CA","95065","FALSE"
"spilman-daniel-a-md-santa-cruz","Spilman Daniel A MD",4,4,"1595 Soquel Dr","Santa Cruz","CA","95065","TRUE"
"westside-family-medicine-and-pediatrics-santa-cruz","Westside Family Medicine & Pediatrics",4.5,13,"2018 Mission St","Santa Cruz","CA","95060","TRUE"
"saint-johns-health-center-santa-monica-4","Saint John's Health Center",3,88,"2121 Santa Monica Blvd","Santa Monica","CA","90404","TRUE"
"ucla-medical-center-santa-monica-2","UCLA Medical Center",4,67,"1250 16th St","Santa Monica","CA","90404","TRUE"
"ucla-medical-group-santa-monica","Ucla Medical Group",3.5,25,"c(""2428 Santa Monica Blvd"", ""Ste 200"")","Santa Monica","CA","90404","FALSE"
"nethercutt-emergency-center-santa-monica-2","Nethercutt Emergency Center",2.5,9,"1225 15th St","Santa Monica","CA","90404","FALSE"
"simms-mann-health-and-wellness-center-santa-monica","Simms/Mann Health and Wellness Center",4.5,5,"2509 Pico Boulevard","Santa Monica","CA","90405","FALSE"
"berkley-east-convalescent-hospital-santa-monica","Berkley East Convalescent Hospital",3,6,"2021 Arizona Ave","Santa Monica","CA","90404","FALSE"
"fireside-convalescent-hospital-santa-monica","Fireside Convalescent Hospital",2.5,3,"947 3rd Street","Santa Monica","CA","90403","FALSE"
"sharon-f-pushkin-md-santa-monica","Sharon F. Pushkin, MD",4,18,"c(""1301 20th St"", ""Ste 100"")","Santa Monica","CA","90404","FALSE"
"santa-monica-bay-physicians-santa-monica-4","Santa Monica Bay Physicians",4,11,"2001 Santa Monica Boulevard","Santa Monica","CA","90404","FALSE"
"les-kelley-clinic-family-health-center-ucla-santa-monica","Les Kelley Clinic Family Health Center - UCLA",2.5,20,"1920 Colorado Avenue","Santa Monica","CA","90404","FALSE"
"charles-swerdlow-md-beverly-hills","Charles Swerdlow, MD",5,6,"c(""414 N Camden Dr"", ""Ste 1100"")","Beverly Hills","CA","90210","TRUE"
"berkley-west-convalescent-hospital-santa-monica","Berkley West Convalescent Hospital",5,3,"1623 Arizona Ave","Santa Monica","CA","90404","FALSE"
"cole-daniel-md-santa-monica","Cole Daniel MD",1.5,8,"c(""1801 Wilshire Blvd"", ""Ste 100"")","Santa Monica","CA","90403","FALSE"
"west-los-angeles-medical-center-los-angeles","West Los Angeles Medical Center",3,25,"11301 Wilshire Blvd","Los Angeles","CA","90073","FALSE"
"birth-and-beyond-and-birth-partners-santa-monica","Birth and Beyond & Birth Partners",4.5,10,"c(""1750 Ocean Park Blvd"", ""Ste 206"")","Santa Monica","CA","90405","TRUE"
"sacks-gerald-m-md-santa-monica-2","Sacks Gerald M, MD",1,1,"c(""2021 Santa Monica Blvd"", ""Ste 300"")","Santa Monica","CA","90404","FALSE"
"ucla-santa-monica-outpatient-surgery-center-santa-monica","UCLA-Santa Monica Outpatient Surgery Center",5,1,"c(""1223 16th St"", ""Ste 1400"")","Santa Monica","CA","90404","FALSE"
"michael-estes-md-santa-monica","Michael Estes, MD",4.5,2,"c(""2020 Santa Monica Blvd"", ""Ste 210"")","Santa Monica","CA","90404","FALSE"
"arbor-view-health-care-center-santa-monica","Arbor View Health Care Center",2,3,"1338 20th St","Santa Monica","CA","90404","FALSE"
"santa-rosa-memorial-hospital-santa-rosa-2","Santa Rosa Memorial Hospital",3,20,"1165 Montgomery Dr","Santa Rosa","CA","95405","FALSE"
"sutter-medical-center-of-santa-rosa-santa-rosa","Sutter Medical Center of Santa Rosa",2.5,9,"3325 Chanate Rd","Santa Rosa","CA","95404","FALSE"
"park-view-gardens-santa-rosa","Park View Gardens",5,1,"3751 Montgomery Dr","Santa Rosa","CA","95405","FALSE"
"concentra-integrated-services-santa-rosa","Concentra Integrated Services",3.5,5,"1221 N Dutton Ave","Santa Rosa","CA","95401","FALSE"
"sutter-health-work-santa-rosa","Sutter Health@Work",1,1,"1221 N Dutton Ave","Santa Rosa","CA","95401","FALSE"
"sonoma-county-mental-health-services-santa-rosa","Sonoma County Mental Health Services",1,1,"3322 Chanate Rd","Santa Rosa","CA","95404","FALSE"
"a-chaudhry-dc-dabct-santa-rosa","A Chaudhry, DC, DABCT",5,2,"c(""1420 Guerneville Rd"", ""Ste 3"")","Santa Rosa","CA","95403","TRUE"
"womens-health-and-birth-center-santa-rosa-2","Women's Health & Birth Center",3.5,9,"583 Summerfield Rd","Santa Rosa","CA","95405","TRUE"
"apple-valley-care-and-rehabilitation-sebastopol","Apple Valley Care & Rehabilitation",3.5,3,"1035 Gravenstein Ave","Sebastopol","CA","95472","FALSE"
"andrew-mccormick-dds-santa-rosa","Andrew McCormick, DDS",4.5,9,"c(""855 Fountaingrove Pkwy"", ""Ste 200"")","Santa Rosa","CA","95403","TRUE"
"st-joseph-urgent-care-santa-rosa","St Joseph Urgent Care",2.5,8,"c(""925 S Corporate Center Dr"", ""Ste A"")","Santa Rosa","CA","95401","FALSE"
"randy-nguyen-dds-santa-rosa","Randy Nguyen, DDS",3,4,"526 College Ave","Santa Rosa","CA","95404","TRUE"
"sue-hocker-doula-service-santa-rosa","Sue Hocker Doula Service",5,1,"list()","Santa Rosa","CA","NULL","FALSE"
"coleman-patrick-s-md-santa-rosa","Coleman Patrick S MD",5,1,"3536 Mendocino Ave","Santa Rosa","CA","95403","FALSE"
"synergy-medical-group-santa-rosa","Synergy Medical Group",4,1,"2323 Bethards Dr Ste A","Santa Rosa","CA","95405","FALSE"
"palm-drive-hospital-sebastopol","Palm Drive Hospital",1.5,6,"501 Petaluma Ave","Sebastopol","CA","95472","FALSE"
"sutter-warrack-hospital-santa-rosa","Sutter Warrack Hospital",4,1,"2449 Summerfield Rd","Santa Rosa","CA","95405","FALSE"
"nine-moons-doula-sebastopol","Nine Moons Doula",4.5,19,"list()","Sebastopol","CA","95472","TRUE"
"kaiser-permanente-medical-center-santa-rosa-santa-rosa","Kaiser Permanente Medical Center-Santa Rosa",3.5,13,"401 Bicentennial Way","Santa Rosa","CA","95403","FALSE"
"kaiser-permanente-medical-center-santa-rosa","Kaiser Permanente Medical Center",3.5,9,"401 Bicentennial Way","Santa Rosa","CA","95403","FALSE"
"sharp-mary-birch-hospital-for-women-and-newborns-san-diego","Sharp Mary Birch Hospital for Women & Newborns",4.5,70,"3003 Health Center Dr","San Diego","CA","92123","TRUE"
"rady-childrens-hospital-san-diego-2","Rady Children's Hospital",3.5,42,"3020 Children's Way","San Diego","CA","92123","TRUE"
"sharp-memorial-hospital-san-diego-3","Sharp Memorial Hospital",3.5,52,"7901 Frost St","San Diego","CA","92123","TRUE"
"vibra-hospital-san-diego-2","Vibra Hospital",2,3,"555 Washington St","San Diego","CA","92103","FALSE"
"scripps-mercy-hospital-san-diego-san-diego","Scripps Mercy Hospital San Diego",3,69,"4077 Fifth Avenue","San Diego","CA","92103","TRUE"
"uc-san-diego-medical-center-san-diego","UC San Diego Medical Center",2.5,76,"200 W Arbor Dr","San Diego","CA","92103","TRUE"
"promise-hospital-healthcare-san-diego","Promise Hospital Healthcare",2.5,5,"5550 University Ave","San Diego","CA","92105","FALSE"
"sharp-mesa-vista-hospital-san-diego","Sharp Mesa Vista Hospital",2.5,13,"7850 Vista Hill Ave","San Diego","CA","92123","TRUE"
"kindred-hospital-san-diego-san-diego","Kindred Hospital San Diego",3.5,6,"1940 El Cajon Blvd","San Diego","CA","92104","TRUE"
"sam-and-rose-stein-emergency-care-center-san-diego","Sam and Rose Stein Emergency Care Center",5,3,"c(""Rady Children's Hosp"", ""3020 Children's Way"")","San Diego","CA","92123","FALSE"
"alvarado-hospital-medical-center-sdri-san-diego","Alvarado Hospital Medical Center Sdri",2.5,11,"6655 Alvarado Rd","San Diego","CA","92120","FALSE"
"kaiser-permanente-san-diego-medical-center-san-diego","Kaiser Permanente San Diego Medical Center",3,85,"4647 Zion Avenue","San Diego","CA","92120","TRUE"
"coast-surgery-center-san-diego","Coast Surgery Center",4.5,5,"c(""3444 Kearny Villa Road"", ""Suite 100"")","San Diego","CA","92123","FALSE"
"sharp-memorial-outpatient-pavilion-san-diego-2","Sharp Memorial Outpatient Pavilion",4.5,16,"3075 Health Center Dr","San Diego","CA","92123","TRUE"
"rady-childrens-hospital-and-health-center-san-diego-2","Rady Children's Hospital And Health Center",4,1,"c(""8010 Frost St"", ""Ste 602"")","San Diego","CA","92123","FALSE"
"linebarger-eric-md-san-diego","Linebarger Eric MD",5,2,"3075 Health Center Dr","San Diego","CA","92123","FALSE"
"kearny-mesa-convalescent-hospital-and-nursing-home-san-diego","Kearny Mesa Convalescent Hospital & Nursing Home",4.5,4,"7675 Family Cir","San Diego","CA","92111","TRUE"
"california-pacific-medical-center-san-francisco-3","California Pacific Medical Center",4,148,"3700 California St","San Francisco","CA","94118","FALSE"
"ucsf-birthing-center-san-francisco","UCSF Birthing Center",4.5,22,"c(""505 Parnassus Ave"", ""15th Floor"")","San Francisco","CA","94143","TRUE"
"birth-center-at-san-francisco-general-hospital-san-francisco","Birth Center at San Francisco General Hospital",5,4,"c(""1001 Potrero Ave"", ""6th Fl"")","San Francisco","CA","94110","FALSE"
"san-francisco-va-medical-center-san-francisco","San Francisco VA Medical Center",4,31,"4150 Clement St","San Francisco","CA","94121","TRUE"
"cpmc-emergency-room-san-francisco","CPMC Emergency Room",3.5,88,"2333 Buchanan St","San Francisco","CA","94115","FALSE"
"san-francisco-general-hospital-san-francisco","San Francisco General Hospital",3.5,148,"1001 Potrero Ave","San Francisco","CA","94110","FALSE"
"st-lukes-womens-center-san-francisco","St Luke's Women's Center",4,44,"c(""1580 Valencia St"", ""Ste 508"")","San Francisco","CA","94110","TRUE"
"ucsf-medical-center-at-mount-zion-san-francisco","UCSF Medical Center at Mount Zion",3.5,44,"1600 Divisadero St","San Francisco","CA","94115","FALSE"
"saint-francis-memorial-hospital-san-francisco","Saint Francis Memorial Hospital",3.5,95,"900 Hyde St","San Francisco","CA","94109","TRUE"
"california-pacific-medical-center-san-francisco-4","California Pacific Medical Center",4.5,9,"2100 Webster St","San Francisco","CA","94115","FALSE"
"ucsf-medical-center-san-francisco","UCSF Medical Center",3.5,172,"505 Parnassus Ave","San Francisco","CA","94143","FALSE"
"st-marys-medical-center-san-francisco","St Mary's Medical Center",3.5,83,"450 Stanyan St","San Francisco","CA","94117","TRUE"
"kaiser-foundation-hospital-san-francisco","Kaiser Foundation Hospital",4,16,"2425 Geary Blvd","San Francisco","CA","94115","FALSE"
"chinese-hospital-san-francisco-2","Chinese Hospital",3,33,"845 Jackson St","San Francisco","CA","94133","FALSE"
"kaiser-permanente-hospital-and-emergency-room-san-francisco","Kaiser Permanente Hospital and Emergency Room",3,28,"2425 Geary St","San Francisco","CA","94115","FALSE"
"st-lukes-hospital-san-francisco","St. Luke's Hospital",3,59,"3555 Cesar Chavez St","San Francisco","CA","94110","FALSE"
"st-francis-hospital-san-francisco-2","St Francis Hospital",4,9,"900 Hyde St","San Francisco","CA","94109","FALSE"
"ucsf-hospital-moffitt-gift-shop-san-francisco","UCSF Hospital Moffitt Gift Shop",4.5,4,"c(""UCSF Medical Center"", ""505 Parnassus Ave"")","San Francisco","CA","94143","FALSE"
"ucsf-neuro-icu-san-francisco","UCSF Neuro ICU",5,1,"505 Parnassus Ave","San Francisco","CA","94143","FALSE"
"pacific-heights-surgery-center-san-francisco","Pacific Heights Surgery Center",5,6,"c(""3000 California St"", ""2nd Fl"")","San Francisco","CA","94115","TRUE"
"dameron-hospital-stockton","Dameron Hospital",3,22,"525 W Acacia St","Stockton","CA","95203","FALSE"
"st-josephs-medical-center-stockton","St Joseph's Medical Center",2.5,20,"1800 N California St","Stockton","CA","95204","TRUE"
"chateau-convalescent-hospital-stockton","Chateau Convalescent Hospital",2,1,"1221 Rosemarie Ln","Stockton","CA","95207","FALSE"
"la-salette-health-and-rehabilitation-center-stockton","La Salette Health & Rehabilitation Center",1.5,3,"537 E Fulton St","Stockton","CA","95204","FALSE"
"wagner-heights-nursing-and-rehabilitation-center-stockton","Wagner Heights Nursing & Rehabilitation Center",2,2,"9289 Branstetter Pl","Stockton","CA","95209","FALSE"
"san-joaquin-county-mental-health-stockton","San Joaquin County Mental Health",5,1,"1212 N California St","Stockton","CA","95202","FALSE"
"st-josephs-behavioral-health-center-stockton","St Joseph's Behavioral Health Center",1,1,"2510 N California St","Stockton","CA","95204","FALSE"
"stockton-urgent-care-medical-clinic-inc-stockton","Stockton Urgent Care Medical Clinic Inc",3.5,12,"1148 W Hammer Ln","Stockton","CA","95209","FALSE"
"joseph-spracher-md-stockton","Joseph Spracher, MD",3.5,4,"c(""420 W Acacia St"", ""Ste 1"")","Stockton","CA","95203","FALSE"
"san-joaquin-general-hospital-french-camp","San Joaquin General Hospital",2.5,12,"500 W Hospital Rd","French Camp","CA","95231","FALSE"
"manshadi-ramin-md-stockton","Manshadi Ramin MD",5,1,"2633 Pacific Ave","Stockton","CA","95204","FALSE"
"saint-josephs-medical-associates-stockton","Saint Joseph's Medical Associates",4,1,"1805 N California St","Stockton","CA","95204","FALSE"
"kindred-transitional-care-and-rehabilitation-valley-gardens-stockton","Kindred Transitional Care and Rehabilitation - Valley Gardens",4,1,"1517 E Knickerbocker Dr","Stockton","CA","95210","TRUE"
"randall-w-stettler-dds-stockton","Randall W Stettler, DDS",4,25,"c(""6529 Inglewood Ave"", ""Ste A-1"")","Stockton","CA","95207","TRUE"
"community-medical-centers-stockton","Community Medical Centers",2,5,"701 E Channel St","Stockton","CA","95202","FALSE"
"kaiser-permanente-medical-offices-stockton","Kaiser Permanente Medical Offices",3.5,23,"7373 West Ln","Stockton","CA","95210","FALSE"
"sutter-gould-medical-foundation-stockton-2","Sutter Gould Medical Foundation",3.5,16,"2505 W Hammer Ln","Stockton","CA","95209","FALSE"
"california-urgent-care-stockton","California Urgent Care",3,2,"8001 Lorraine Ave","Stockton","CA","95210","FALSE"
"dowbak-john-md-french-camp","Dowbak John MD",1,1,"500 W Hospital Rd","French Camp","CA","95231","FALSE"
"torrance-memorial-medical-center-torrance","Torrance Memorial Medical Center",4,56,"3330 Lomita Blvd","Torrance","CA","90505","TRUE"
"little-company-of-mary-hospital-torrance","Little Company of Mary Hospital",3,68,"4101 Torrance Blvd","Torrance","CA","90503","FALSE"
"trinitycare-hospice-torrance","Trinitycare Hospice",3.5,2,"c(""2601 Airport Dr"", ""Ste 110"")","Torrance","CA","90505","FALSE"
"harbor-ucla-medical-center-torrance-2","Harbor UCLA Medical Center",2,69,"1000 W Carson St","Torrance","CA","90502","FALSE"
"harbor-general-hospital-torrance","Harbor General Hospital",2,8,"Los Angeles County O","Torrance","CA","90501","FALSE"
"coast-surgery-center-of-south-bay-torrance","Coast Surgery Center of South Bay",3,2,"3445 Pacific Coast Hwy","Torrance","CA","90505","FALSE"
"providence-little-company-of-mary-medical-institute-torrance-5","Providence Little Company of Mary Medical Institute",3,9,"21311 Madrona Ave","Torrance","CA","90503","TRUE"
"holtorf-medical-group-torrance","Holtorf Medical Group",2,18,"c(""23456 Hawthorne Blvd"", ""Ste 160"")","Torrance","CA","90505","TRUE"
"del-amo-diagnostic-center-torrance","Del AMO Diagnostic Center",4.5,3,"3531 Fashn Way","Torrance","CA","90501","FALSE"
"healthsouth-surgery-center-of-south-bay-torrance","Healthsouth Surgery Center of South Bay",4.5,2,"23500 Madison St","Torrance","CA","90505","FALSE"
"torrance-hospital-ipa-torrance-3","Torrance Hospital IPA",1,2,"c(""23326 Hawthorne Blvd"", ""Ste 200"")","Torrance","CA","90505","TRUE"
"villanueva-cpr-carson","Villanueva CPR",5,18,"309 E Carson St","Carson","CA","90745","TRUE"
"memorial-hospital-of-gardena-gardena","Memorial Hospital of Gardena",3,4,"1145 W Redondo Beach Blvd","Gardena","CA","90247","FALSE"
"healthcare-partners-medical-group-torrance-2","Healthcare Partners Medical Group",1,4,"2232 Sepulveda Blvd","Torrance","CA","90501","TRUE"
"achieve-medical-group-torrance","Achieve Medical Group",4.5,26,"c(""23000 Crenshaw Blvd"", ""Ste 208"")","Torrance","CA","90505","TRUE"
"lam-albert-y-md-facs-torrance","Lam Albert Y MD Facs",1,1,"23451 Madison St","Torrance","CA","90505","FALSE"
"serenity-birth-doula-services-redondo-beach-2","Serenity Birth Doula Services",5,13,"list()","Redondo Beach","CA","90278","TRUE"
"urology-institute-of-south-bay-torrance","Urology Institute of South Bay",4.5,2,"23600 Telo Ave Ste 220","Torrance","CA","90505","FALSE"
"memorial-hospital-of-gardena-gardena-2","Memorial Hospital of Gardena",2,17,"1145 W Redondo Beach Blvd","Gardena","CA","90247","FALSE"
"south-bay-gastroenterology-medical-group-torrance","South Bay Gastroenterology Medical Group",3.5,8,"c(""23600 Telo Ave"", ""Ste 260"")","Torrance","CA","90505","FALSE"
"community-memorial-hospital-ventura-3","Community Memorial Hospital",3.5,19,"147 N Brent St","Ventura","CA","93003","FALSE"
"ventura-county-medical-center-ventura","Ventura County Medical Center",3,6,"3291 Loma Vista Rd","Ventura","CA","93003","FALSE"
"ready-medics-urgent-care-center-ventura-ventura","Ready Medics Urgent Care Center Ventura",4,10,"c(""3418 Loma Vista Rd"", ""Ste B"")","Ventura","CA","93003","FALSE"
"victoria-care-center-ventura","Victoria Care Center",4,1,"5445 Everglades St","Ventura","CA","93003","TRUE"
"ventura-coast-imaging-center-ventura","Ventura Coast Imaging Center",3,2,"4601 Telephone Rd Ste 102","Ventura","CA","93003","FALSE"
"st-johns-regional-medical-center-oxnard","St John's Regional Medical Center",3.5,21,"1600 N Rose Ave","Oxnard","CA","93030","TRUE"
"pueblo-radiology-medical-group-ventura-ventura","Pueblo Radiology Medical Group Ventura",1,1,"4516 Market St","Ventura","CA","93003","TRUE"
"livingston-memorial-visiting-nurse-association-ventura-3","Livingston Memorial Visiting Nurse Association",3.5,3,"c(""1996 Eastman Ave"", ""Ste 101"")","Ventura","CA","93003","TRUE"
"patrick-diesfeld-md-ventura","Patrick Diesfeld, MD",2.5,5,"c(""168 N Brent St"", ""Ste 407"")","Ventura","CA","93003","FALSE"
"terry-cole-l-md-ventura","Terry Cole L MD",4.5,6,"c(""3418 Loma Vista Rd"", ""Ste B"")","Ventura","CA","93003","FALSE"
"ventura-birth-center-ventura","Ventura Birth Center",5,1,"3458 Loma Vista Rd","Ventura","CA","93003","FALSE"
"speitel-william-md-ventura","Speitel William MD",5,1,"124 N Brent St","Ventura","CA","93003","FALSE"
"pattamakom-sis-md-ventura-2","Pattamakom Sis MD",2,5,"168 N Brent St Ste 407","Ventura","CA","93003","FALSE"
"quest-diagnostics-ventura","Quest Diagnostics",2.5,10,"c(""2991 Loma Vista"", ""Ste 102B"")","Ventura","CA","93003","FALSE"
"ventura-urgent-care-and-family-practice-center-ventura","Ventura Urgent Care & Family Practice Center",2,12,"5725 Ralston St Ste 101","Ventura","CA","93003","FALSE"
"aurora-vista-del-mar-hospital-ventura-2","Aurora Vista Del Mar Hospital",5,1,"801 Seneca St","Ventura","CA","93001","FALSE"
"frochtzwajg-stanley-md-ventura","Frochtzwajg Stanley MD",1,1,"2629 Loma Vista Rd","Ventura","CA","93003","FALSE"
"barbosa-j-bruce-md-inc-ventura","Barbosa J Bruce MD Inc",2.5,4,"2945 Loma Vista Rd","Ventura","CA","93003","FALSE"
"st-johns-pleasant-valley-hospital-oxnard","St John's Pleasant Valley Hospital",2,1,"961 N Rice Ave Ste 3","Oxnard","CA","93030","FALSE"
"kaiser-permanente-oxnard","Kaiser Permanente",3,5,"2200 E Gonzalez Rd","Oxnard","CA","93036","FALSE"
"kaiser-permanente-walnut-creek-2","Kaiser Permanente",3.5,110,"1425 S Main St","Walnut Creek","CA","94596","FALSE"
"kaiser-permanente-walnut-creek-medical-center-walnut-creek-2","Kaiser Permanente Walnut Creek Medical Center",3,4,"320 Lennon Ln","Walnut Creek","CA","94598","FALSE"
"kaiser-minor-injury-walnut-creek","Kaiser, Minor Injury",3,6,"c(""1425 S Main St"", ""Medical Office Building, 1st Fl"")","Walnut Creek","CA","94596","FALSE"
"holly-wiersma-cd-lcce-walnut-creek","Holly Wiersma, CD, LCCE",5,8,"list()","Walnut Creek","CA","94523","TRUE"
"hospice-and-palliative-care-of-contra-costa-walnut-creek","Hospice and Palliative Care of Contra Costa",4.5,7,"1550 Olympic Blvd","Walnut Creek","CA","94596","FALSE"
"john-muir-medical-center-walnut-creek-campus-walnut-creek-3","John Muir Medical Center Walnut Creek Campus",1,1,"1400 Treat Blvd","Walnut Creek","CA","94597","FALSE"
"john-muir-medical-center-walnut-creek-campus-walnut-creek-2","John Muir Medical Center Walnut Creek Campus",4,4,"c(""120 La Casa Via"", ""Ste 101"")","Walnut Creek","CA","94598","FALSE"
"traynor-jeffrey-md-walnut-creek","Traynor Jeffrey MD",4,5,"1656 N California Blvd","Walnut Creek","CA","94596","FALSE"
"blood-centers-of-the-pacific-walnut-creek-2","Blood Centers of the Pacific",4.5,5,"c(""325 N Wiget Ln"", ""Ste 140"")","Walnut Creek","CA","94598","FALSE"
"dennis-y-fong-md-pc-walnut-creek","Dennis Y Fong, MD PC",5,2,"c(""106 La Casa Via"", ""Ste 110"")","Walnut Creek","CA","94598","FALSE"
"maeve-o-regan-md-walnut-creek","Maeve O'regan, MD",4,8,"c(""1777 Oakland Blvd"", ""Ste 103"")","Walnut Creek","CA","94596","FALSE"
"bay-area-surgical-specialists-walnut-creek","Bay Area Surgical Specialists",3,11,"c(""365 Lennon Ln"", ""Ste 250"")","Walnut Creek","CA","94597","FALSE"
"kramer-kristina-md-walnut-creek","Kramer Kristina, MD",4,1,"130 La Casa Via","Walnut Creek","CA","94598","FALSE"
